کد ملک,تاریخ اپلود,نوع ملک,آدرس,نوع معامله,قیمت واحد,قیمت کل,طبقه,خواب,زیربنا,تلفن,آشپزخانه,سرویس,کفپوش
10354393,1403/05/13,آپارتمان,جنت آباد مركزی نرسیده به كوچه عسگری,خرید,"111,000,000","17,871,000,000",1,3,161,1,MDF,ايراني فرنگي,سنگ
3665727,1403/05/13,اداری,آرژانتین خ الوند,خرید,"170,000,000","24,140,000,000",3,2,142,1,آبدارخانه,ايراني فرنگي,سراميک
10244175,1403/05/13,آپارتمان,خواجه عبدالله خ تیسفون,خرید,"116,504,000","12,000,000,000",1,2,103,1,MDF,ايراني فرنگي,سنگ
10117674,1403/05/13,اداری,میرزای شیرازی نرسیده به خ میرزاحسنی,خرید,"146,341,000","18,000,000,000",1,3,123,1,آبدارخانه,ايراني فرنگي,پارکت
10354392,1403/05/13,آپارتمان,جنت آباد جنوبی خ لاله غربی,خرید,"117,000,000","12,636,000,000",1,2,108,1,MDF,ايراني فرنگي,پارکت
10354391,1403/05/13,مغازه,بلوار كشاورز خ فلسطین,خرید,"800,000,000","40,000,000,000",1,0,35,1,نا مشخص,نامشخص,سنگ
10248874,1403/05/13,آپارتمان,ایران خ قادری,خرید,"100,000,000","14,700,000,000",4,3,147,1,چوبي,ايراني فرنگي,سنگ
10354389,1403/05/13,آپارتمان,اشرفی اصفهانی خ اسلامیان,خرید,"127,659,000","12,000,000,000",4,2,94,1,MDF,ايراني فرنگي,سراميک
10354388,1403/05/13,آپارتمان,پونك سردارجنگل شمالی خ لادن,خرید,"130,000,000","13,910,000,000",4,2,107,1,چوبي,ايراني فرنگي,سنگ
10123220,1403/05/13,آپارتمان,انقلاب خ دانشگاه,خرید,"68,888,000","6,200,000,000",4,2,90,1,MDF,ايرانی,پارکت
10254129,1403/05/13,آپارتمان,شریعتی پائین تراز خ ملك روبروی میثاق,خرید,"90,000,000","7,200,000,000",1,1,80,1,MDF,ايرانی,سراميک
10354387,1403/05/13,آپارتمان,كن خ ادهمی خ عاصمی,خرید,"120,000,000","12,600,000,000",1,2,105,1,چوبي,ايراني فرنگي,سنگ
2670698,1403/05/13,اداری,كریم خان بعد از داروخانه 13 آبان,خرید,"150,000,000","19,200,000,000",9,4,128,1,آبدارخانه,ايرانی,پارکت
2670693,1403/05/13,اداری,كریم خان بعد از داروخانه 13 آبان,خرید,"150,000,000","38,400,000,000",1,7,256,1,آبدارخانه,ايرانی,پارکت
10354386,1403/05/13,آپارتمان,كن خ ادهمی خ عاصمی,خرید,"120,000,000","7,800,000,000",4,1,65,1,چوبي,ايراني فرنگي,سنگ
10116523,1403/05/13,اداری,بلوار فردوس شرق ابراهیمی جنوبی,خرید,"170,000,000","11,050,000,000",3,0,65,2,آبدارخانه,ايراني فرنگي,سنگ
10273868,1403/05/13,اداری,نارمك میدان 77,خرید,"112,960,000","6,100,000,000",4,1,54,1,آبدارخانه,ايرانی,سراميک
10116524,1403/05/13,اداری,بلوار فردوس شرق ابراهیمی جنوبی,خرید,"170,000,000","12,750,000,000",3,0,75,2,آبدارخانه,ايراني فرنگي,سنگ
10117710,1403/05/13,آپارتمان,نارمك خ سامان,خرید,"150,000,000","17,550,000,000",3,2,117,1,MDF,فرنگی,سراميک
10354385,1403/05/13,مغازه,میدان آرژانتین بالاتراز مركزخرید افریقا,خرید,"800,000,000","25,600,000,000",3,0,22,1,نا مشخص,نامشخص,سراميک
10300877,1403/05/13,آپارتمان,نارمك میدان 21,خرید,"110,169,000","6,500,000,000",2,1,59,1,MDF,ايرانی,پارکت سنگ
10332560,1403/05/13,تجاری,نارمك نرسیده به مترو سرسبز,خرید,"600,000,000","198,000,000,000",2,0,330,1,نا مشخص,ايرانی,سنگ
10335038,1403/05/13,آپارتمان,گلبرگ غربی خ صفایی,خرید,"67,500,000","2,970,000,000",3,1,44,1,MDF,ايرانی,سراميک
10182605,1403/05/13,آپارتمان,فاطمی خ جویبار,خرید,"87,719,000","25,000,000,000",3,3,285,1,MDF,ايرانی,سراميک
10186962,1403/05/13,آپارتمان,مطهری خ تركمنستان,خرید,"132,352,000","13,500,000,000",1,2,102,1,MDF,ايراني فرنگي,سنگ
10180207,1403/05/13,آپارتمان,نارمك میدان 86,خرید,"104,900,000","5,350,000,000",3,1,51,1,هایگلاس,ايراني فرنگي,سراميک
3990912,1403/05/13,آپارتمان,جلفا ك پروانه,خرید,"119,047,000","15,000,000,000",2,2,126,1,هایگلاس,ايراني فرنگي,سنگ
3272593,1403/05/13,اداری,كریم خان ك عارف ادیب,خرید,"207,317,000","85,000,000,000",2,8,410,4,آبدارخانه,ايراني فرنگي,سنگ
10241263,1403/05/13,آپارتمان,فاطمی خ فكوری خ صالحی,خرید,"89,830,000","10,600,000,000",1,2,118,1,MDF,ايراني فرنگي,سراميک
10249332,1403/05/13,آپارتمان,شهید عراقی نرسیده به ك زنبق,خرید,"137,500,000","8,800,000,000",1,2,64,1,MDF,ايرانی,سراميک
10354384,1403/05/13,آپارتمان,شریعتی روبروی خ ملك خ كشواد,خرید,"64,000,000","4,800,000,000",4,2,75,1,MDF,ايراني فرنگي,پارکت
10332600,1403/05/13,آپارتمان,گلبرگ شرقی خ دردشت,خرید,"82,474,000","8,000,000,000",1,2,97,1,MDF,ايراني فرنگي,سنگ
3989802,1403/05/13,آپارتمان,مطهری خ یوسفیان,خرید,"132,000,000","21,384,000,000",1,3,162,1,MDF,ايراني فرنگي,سنگ
10206891,1403/05/13,مغازه,ولیعصر روبروی پارك ساعی,خرید,"340,000,000","8,500,000,000",1,0,25,1,نا مشخص,نامشخص,سنگ
10350563,1403/05/13,آپارتمان,جلفا نرسیده به ك قو,خرید,"91,428,000","12,800,000,000",3,2,140,1,MDF,ايراني فرنگي,سراميک
10254656,1403/05/13,آپارتمان,مجیدیه جنوبی خ حاجی پور,خرید,"101,562,000","13,000,000,000",2,2,128,2,MDF,ايراني فرنگي,سراميک
10119594,1403/05/13,آپارتمان,حافظ خ هورچهر,خرید,"110,294,000","7,500,000,000",2,1,68,1,MDF,ايرانی,سنگ
10121715,1403/05/13,مغازه,گیشا خ فروزانفر,خرید,"478,260,000","22,000,000,000",2,0,32,1,نا مشخص,نامشخص,سنگ
3455836,1403/05/13,تجاری,پونك سردار جنگل ك حیدری مقدم,خرید,"500,000,000","121,000,000,000",2,0,242,1,نا مشخص,نامشخص,سنگ
3355336,1403/05/13,اداری,فاطمی میدان گلها,خرید,"86,666,000","65,000,000,000",2,15,750,18,فلزي,ايراني فرنگي,سراميک
10354383,1403/05/13,آپارتمان,پلیس خ ماندگار,خرید,"75,000,000","5,100,000,000",3,2,68,1,چوبي,ايراني فرنگي,سنگ
10333189,1403/05/13,اداری,گیشا نرسیده به خ اول,خرید,"160,000,000","13,600,000,000",3,5,85,1,ندارد,فرنگی,سراميک
10332817,1403/05/13,آپارتمان,سبلان جنوبی نرسیده به ك شادمان,خرید,"64,910,000","3,700,000,000",1,1,57,1,MDF,ايرانی,سراميک
3586010,1403/05/13,مغازه,ولیعصر خ زرتشت غربی,خرید,"220,000,000","7,700,000,000",1,0,35,2,آبدارخانه,ايرانی,سراميک
10336536,1403/05/13,اداری,سهروردی شمالی بعد از ماجد گچی,خرید,"133,333,000","16,000,000,000",2,2,120,1,آبدارخانه,ايراني فرنگي,سراميک
3829034,1403/05/13,اداری,تهرانپارس گلبرگ,خرید,"200,000,000","31,400,000,000",2,0,157,1,آبدارخانه,ايراني فرنگي,سنگ
10132748,1403/05/13,آپارتمان,سبلان شمالی خ حسنی,خرید,"64,516,000","4,000,000,000",2,2,62,1,هایگلاس,ايراني فرنگي,سراميک
3826575,1403/05/13,آپارتمان,آرژانتین بلوار بیهقی,خرید,"111,111,000","10,000,000,000",3,2,90,1,MDF,ايرانی,سراميک
10123028,1403/05/13,آپارتمان,گیشا نرسیده به خ 23,خرید,"148,051,000","11,400,000,000",5,2,77,1,MDF,فرنگی,لامنيت
10248670,1403/05/13,آپارتمان,كردستان خ جانبازان,خرید,"147,321,000","16,500,000,000",1,2,112,1,MDF,ايراني فرنگي,سراميک
10051340,1403/05/13,مغازه,ولیعصر نرسیده به پمپ بنزین پارك ساعی,خرید,"200,000,000","4,600,000,000",1,0,23,1,نا مشخص,ايرانی,نا مشخص
10333028,1403/05/13,آپارتمان,وحیدیه نرسیده به خ نبیئیان,خرید,"80,000,000","9,600,000,000",6,2,120,0,دلخواه,ايراني فرنگي,سراميک
10349123,1403/05/13,آپارتمان,امیرآباد كارگر شمالی,خرید,"150,000,000","19,500,000,000",2,3,130,1,MDF,ايراني فرنگي,سنگ
3947771,1403/05/13,آپارتمان,امیرآباد كارگرشمالی,خرید,"135,135,000","15,000,000,000",5,2,111,1,MDF,ايراني فرنگي,سنگ
10258054,1403/05/13,آپارتمان,شهر آرا خ كوكب,خرید,"252,032,000","15,500,000,000",4,3,126,1,MDF,ايراني فرنگي,سراميک
10186701,1403/05/13,آپارتمان,گیشا خ 41,خرید,"142,201,000","15,500,000,000",1,2,109,1,MDF,ايراني فرنگي,سنگ
10274452,1403/05/13,آپارتمان,گیشا نرسیده به خ 3,خرید,"153,968,000","19,400,000,000",4,3,126,1,MDF,ايراني فرنگي,پارکت
10276074,1403/05/13,مستغلات,نظام آباد خ مدنی جنوبی,خرید,"116,666,000","10,500,000,000",4,4,188,4,MDF,ايرانی,سراميک
10261244,1403/05/13,اداری,صادقیه فلكه دوم,خرید,"113,207,000","6,000,000,000",3,1,53,2,آبدارخانه,ايرانی,سراميک
10267191,1403/05/13,اداری,دریان نو نرسیده به خ هشتم,خرید,"100,000,000","5,700,000,000",3,0,57,1,MDF,ايرانی,سراميک
10134219,1403/05/13,آپارتمان,شهرك غرب خ فخار مقدم,خرید,"200,000,000","29,400,000,000",1,3,147,1,MDF,ايراني فرنگي,سنگ
10354381,1403/05/13,آپارتمان,تهران نو میدان امامت,خرید,"85,000,000","10,880,000,000",4,2,128,1,MDF,ايراني فرنگي,سنگ
3669744,1403/05/13,آپارتمان,شهرك غرب بلواردادمان,خرید,"300,000,000","43,500,000,000",1,3,145,1,دلخواه,ايراني فرنگي,سنگ
10350636,1403/05/13,مستغلات,میدان امام حسین خ منتظری خ اسدی,خرید,"115,000,000","21,850,000,000",1,5,300,3,MDF,ايرانی,سراميک
10354380,1403/05/13,آپارتمان,هروی ساقدوش,خرید,"182,000,000","26,754,000,000",1,3,147,1,MDF,ايراني فرنگي,سراميک
10260309,1403/05/13,آپارتمان,بلوار فردوس غرب سازمان برنامه جنوبی,خرید,"91,463,000","7,500,000,000",3,2,82,1,MDF,ايرانی,پارکت
10266079,1403/05/13,آپارتمان,بلوار فردوس خ سازمان برنامه جنوبی,خرید,"121,052,000","9,200,000,000",4,2,76,1,MDF,ايرانی,سراميک
10273660,1403/05/13,آپارتمان,نیرو هوایی خ سوم,خرید,"107,777,000","9,700,000,000",3,2,90,1,MDF,ايراني فرنگي,سنگ
10121127,1403/05/13,آپارتمان,اشرفی اصفهانی خ پیامبر شرقی,خرید,"200,000,000","25,200,000,000",1,3,126,1,چوبي,ايراني فرنگي,سنگ
10346359,1403/05/13,آپارتمان,پیروزی خ شاه آبادی,خرید,"80,000,000","2,720,000,000",1,1,34,1,MDF,ايراني فرنگي,سنگ
3878697,1403/05/13,آپارتمان,دركه كوهسار,خرید,"200,000,000","20,000,000,000",1,2,100,1,MDF,ايراني فرنگي,سنگ
10253460,1403/05/13,مغازه,آیت الله كاشانی بعد از سه راه جنت آباد,خرید,"800,000,000","6,000,000,000",1,0,7,1,نا مشخص,نامشخص,سراميک
10258759,1403/05/13,آپارتمان,دركه كوهسار,خرید,"300,000,000","69,000,000,000",6,4,230,1,MDF,ايراني فرنگي,سنگ
3878687,1403/05/13,آپارتمان,دركه كوهسار,خرید,"280,000,000","66,360,000,000",6,4,237,1,MDF,ايراني فرنگي,سنگ
3878696,1403/05/13,آپارتمان,دركه كوهسار,خرید,"260,000,000","33,020,000,000",1,2,127,1,MDF,ايراني فرنگي,سنگ
10299860,1403/05/13,اداری,آیت الله كاشانی خ حسن آباد,خرید,"160,000,000","10,080,000,000",3,1,63,1,آبدارخانه,ايرانی,سراميک
10275315,1403/05/13,کلنگی,پیروزی بلوار ابوذر بعد از پل دوم,خرید,"180,124,000","29,000,000,000",3,0,180,,نا مشخص,نامشخص,نا مشخص
10332515,1403/05/13,مستغلات,فرجام غربی بعد از خ 49,خرید,"300,000,000","150,000,000,000",3,6,610,2,MDF,ايرانی,سنگ
3525895,1403/05/13,کلنگی,تهران نو میدان امامت,خرید,"180,000,000","46,080,000,000",3,4,360,4,چوبي فلزي,ايراني فرنگي,موکت
3856459,1403/05/13,اداری,آیت الله كاشانی نرسیده به مسجد نظام مافی,خرید,"170,000,000","10,370,000,000",6,2,61,1,آبدارخانه,ايرانی,پارکت
10296888,1403/05/13,آپارتمان,پیروزی خ شكوفه,خرید,"70,000,000","4,200,000,000",1,2,60,1,MDF,ايراني فرنگي,سراميک
10354375,1403/05/13,آپارتمان,پیروزی خ عارف,خرید,"73,469,000","3,600,000,000",5,1,49,1,MDF,ايراني فرنگي,سراميک
10300799,1403/05/13,آپارتمان,نیرو هوایی بین خ سوم و چهارم,خرید,"107,777,000","9,700,000,000",3,2,90,1,MDF,ايراني فرنگي,سنگ
10333014,1403/05/13,آپارتمان,آیت اله كاشانی خ وفا آذر,خرید,"106,578,000","8,100,000,000",3,2,76,0,چوبي,ايراني فرنگي,لامنيت
10274766,1403/05/13,آپارتمان,پیروزی خ داورزنی,خرید,"70,000,000","5,810,000,000",1,2,83,1,MDF,ايراني فرنگي,سراميک
10128384,1403/05/13,مغازه,تهران نو خ قاسم آباد,خرید,"300,000,000","12,150,000,000",1,0,33,1,نا مشخص,نامشخص,سنگ
10351380,1403/05/13,آپارتمان,پیروزی خ نبرد شمالی,خرید,"69,594,000","5,150,000,000",3,2,74,1,MDF,ايراني فرنگي,سراميک
10274344,1403/05/13,آپارتمان,پیروزی بالاتراز چهارراه عارف,خرید,"76,190,000","4,800,000,000",5,1,63,1,MDF,ايرانی,سراميک
10274459,1403/05/13,آپارتمان,میدان امام حسین خ منتظری,خرید,"49,122,000","2,800,000,000",4,1,57,1,MDF,ايرانی,سراميک
10117104,1403/05/13,آپارتمان,تهران نو میدان امامت خ غدیر,خرید,"68,750,000","5,500,000,000",3,2,80,1,MDF,ايراني فرنگي,لامنيت
10266946,1403/05/13,آپارتمان,پیروزی خ پاسدار گمنام,خرید,"60,000,000","3,000,000,000",2,1,50,1,فلزي,ايرانی,موزائيک
10273861,1403/05/13,آپارتمان,بزرگراه محلاتی خ صاحب الزمان,خرید,"65,000,000","3,965,000,000",5,1,61,1,MDF,ايراني فرنگي,سراميک
10354368,1403/05/13,آپارتمان,ولنجك بالاتراز ك 21,خرید,"250,000,000","18,000,000,000",1,1,72,1,MDF,ايراني فرنگي,سراميک
10273532,1403/05/13,آپارتمان,پیروزی خ شكوفه خ درودیان,خرید,"65,000,000","3,900,000,000",1,1,60,1,MDF,ايرانی,سراميک
10273534,1403/05/13,آپارتمان,میدان امام حسین خ ایرانمهر,خرید,"57,142,000","3,200,000,000",2,1,56,1,MDF,ايرانی,سراميک
10125609,1403/05/13,آپارتمان,پیروزی خ داورزمانی,خرید,"50,422,000","3,580,000,000",3,2,71,1,هایگلاس,ايرانی,سراميک
10270081,1403/05/13,آپارتمان,قنات كوثر خ ششم,خرید,"130,000,000","23,140,000,000",1,3,178,1,MDF,ايراني فرنگي,سنگ
3966548,1403/05/13,اداری,اشرفی اصفهانی سیمون بولیوار ابتدای خ فكوری,خرید,"140,000,000","132,300,000,000",1,15,945,2,هایگلاس,ايراني فرنگي,سنگ
3999303,1403/05/13,اداری,اشرفی اصفهانی سیمون بولیوار ابتدای خ فكوری,خرید,"140,000,000","20,300,000,000",2,2,145,2,هایگلاس,ايراني فرنگي,سنگ
10354366,1403/05/13,آپارتمان,تهران پارس فلكه 1 خ 138,خرید,"175,000,000","29,400,000,000",2,3,168,1,MDF,ايراني فرنگي,سنگ
10271553,1403/05/13,مغازه,انتهای همت غرب بلواركوهك,خرید,"550,000,000","13,200,000,000",2,0,24,1,نا مشخص,نامشخص,سنگ
10332589,1403/05/13,آپارتمان,بزرگراه محلاتی خ مخبرجنوبی,خرید,"70,491,000","4,300,000,000",2,1,61,1,MDF,ايراني فرنگي,سراميک
10130760,1403/05/13,آپارتمان,نظام آباد خ مدنی جنوبی,خرید,"76,923,000","7,000,000,000",6,2,91,1,MDF,ايراني فرنگي,سراميک
3370343,1403/05/13,تجاری,جنت آباد شمالی بالاتراز نیایش,خرید,"1,000,000,000","180,000,000,000",6,0,180,0,نا مشخص,ايرانی,سنگ
10273202,1403/05/13,آپارتمان,بزرگراه محلاتی خ عارف شمالی,خرید,"58,333,000","3,500,000,000",3,2,60,1,MDF,ايرانی,سراميک
10121757,1403/05/13,مغازه,شهرك راه آهن بلواركوهك,خرید,"400,000,000","12,800,000,000",1,0,32,1,نا مشخص,نامشخص,سراميک
10264756,1403/05/13,مغازه,پیروزی روبروی مترو ابن سینا,خرید,"900,000,000","9,000,000,000",1,0,10,1,نا مشخص,نامشخص,سنگ
10274208,1403/05/13,اداری,پیروزی روبروی مترو ابن سینا,خرید,"140,000,000","15,400,000,000",3,0,110,1,MDF,ايراني فرنگي,سراميک
10268011,1403/05/13,مغازه,انتهای همت غرب بلوار كوهك,خرید,"347,826,000","8,000,000,000",2,0,23,1,نا مشخص,نامشخص,سنگ
10264879,1403/05/13,اداری,پیروزی روبروی مترو ابن سینا,خرید,"140,000,000","21,000,000,000",3,0,150,1,MDF,ايراني فرنگي,سراميک
10254961,1403/05/13,اداری,اشرفی اصفهانی نبش غروی,خرید,"370,000,000","31,450,000,000",8,0,85,1,آبدارخانه,ايراني فرنگي,سراميک
3840682,1403/05/13,ویلایی,تهران نو خ اشراقی,خرید,"141,935,000","22,000,000,000",8,4,300,1,MDF,ايراني فرنگي,سراميک
3436414,1403/05/13,کلنگی,شهران خ شعبانعلی,خرید,"350,000,000","99,050,000,000",8,0,90,0,نا مشخص,نامشخص,نا مشخص
3501674,1403/05/13,مستغلات,ستاری شمالی خ اخلاص,خرید,"300,000,000","60,000,000,000",8,5,285,3,MDF,ايراني فرنگي,سراميک
3267022,1403/05/13,مغازه,اشرفی اصفهانی خ فكوری,خرید,"300,000,000","15,000,000,000",8,0,50,1,نا مشخص,نامشخص,سنگ
10205176,1403/05/13,مغازه,شهرك راه آهن بلوار كوهك خ نسیم,خرید,"500,000,000","8,500,000,000",8,0,17,0,نا مشخص,نامشخص,سنگ
3830981,1403/05/13,مغازه,انتهای همت غرب بلوار جوزانی,خرید,"700,000,000","35,000,000,000",8,0,50,1,نا مشخص,نامشخص,سنگ
3470262,1403/05/13,مغازه,اشرفی اصفهانی خ باهنر,خرید,"800,000,000","39,200,000,000",8,0,49,1,نا مشخص,نامشخص,سراميک
3667942,1403/05/13,مستغلات,اشرفی اصفهانی خ باهنر,خرید,"568,181,000","100,000,000,000",8,2,230,2,MDF,ايرانی,سراميک
3452838,1403/05/13,مغازه,اشرفی اصفهانی خ باهنر,خرید,"800,000,000","34,400,000,000",8,0,43,1,نا مشخص,نامشخص,سراميک
3452839,1403/05/13,مغازه,اشرفی اصفهانی خ باهنر,خرید,"800,000,000","54,400,000,000",8,0,68,1,نا مشخص,نامشخص,سراميک
2703128,1403/05/13,تجاری,اشرفی اصفهانی خ باهنر,خرید,"463,768,000","160,000,000,000",8,4,345,5,فلزي,ايرانی,سراميک
10354361,1403/05/13,آپارتمان,تهران پارس تقاطع داوری,خرید,"100,000,000","8,900,000,000",5,2,89,1,هایگلاس,ايراني فرنگي,سنگ
10332638,1403/05/13,آپارتمان,وحیدیه خ رضایی,خرید,"66,000,000","3,300,000,000",1,1,50,0,MDF,ايرانی,لامنيت
10165091,1403/05/13,آپارتمان,اشرفی اصفهانی شهرك نفت,خرید,"127,551,000","12,500,000,000",1,2,98,1,MDF,ايراني فرنگي,سنگ
10301710,1403/05/13,آپارتمان,ستارخان نرسیده به سازمان آب,خرید,"117,390,000","13,500,000,000",5,2,115,1,آبدارخانه,ايرانی,سراميک
10273369,1403/05/13,آپارتمان,شریعتی پایین تر از بهارشیراز,خرید,"80,337,000","7,150,000,000",3,2,89,0,MDF,ايرانی,سراميک
10301833,1403/05/13,آپارتمان,تهران پارس میدان پروین خ 131,خرید,"72,720,000","4,000,000,000",1,1,55,0,MDF,ايرانی,سنگ
3167289,1403/05/13,آپارتمان,سبلان شمالی خ حقیقت پسند,خرید,"95,000,000","3,800,000,000",4,1,40,1,MDF,ايرانی,سراميک
10349013,1403/05/13,مغازه,شهرك راه آهن میدان ساحل,خرید,"600,000,000","21,000,000,000",4,0,35,1,نا مشخص,نامشخص,نا مشخص
10200983,1403/05/13,آپارتمان,پیروزی پاسدارگمنام,خرید,"52,000,000","3,900,000,000",3,2,75,1,MDF,ايرانی,سراميک
10247762,1403/05/13,آپارتمان,امیرآباد كارگر شمالی,خرید,"132,478,000","15,500,000,000",1,2,117,1,MDF,ايراني فرنگي,سنگ
10296988,1403/05/13,آپارتمان,سبلان جنوبی خ حسنی بعداز انصارالحسن,خرید,"85,000,000","7,650,000,000",4,2,90,1,MDF,ايراني فرنگي,سراميک
10296989,1403/05/13,آپارتمان,سبلان جنوبی خ حسنی بعداز انصارالحسن,خرید,"85,000,000","6,460,000,000",3,2,76,1,MDF,ايراني فرنگي,سراميک
10354360,1403/05/13,آپارتمان,كردستان خ 17,خرید,"110,000,000","12,100,000,000",2,3,110,1,هایگلاس,ايراني فرنگي,سراميک
3671009,1403/05/13,آپارتمان,وحیدیه خ داوودی,خرید,"80,000,000","8,400,000,000",1,2,105,0,MDF,ايراني فرنگي,سراميک
10273492,1403/05/13,اداری,پونك سردارجنگل,خرید,"240,000,000","28,080,000,000",5,2,117,1,آبدارخانه,ايراني فرنگي,سراميک
10161897,1403/05/13,آپارتمان,وحیدیه خ داوودی,خرید,"80,000,000","8,800,000,000",2,2,110,1,هایگلاس,ايراني فرنگي,سراميک
10005422,1403/05/13,آپارتمان,وحیدیه خ داوودی,خرید,"80,000,000","7,200,000,000",5,2,90,1,MDF,ايراني فرنگي,سراميک
10092634,1403/05/13,مغازه,وحیدیه خ داوودی,خرید,"440,000,000","11,000,000,000",5,0,25,1,آبدارخانه,فرنگی,سراميک
10176572,1403/05/13,آپارتمان,سبلان جنوبی نرسیده به ك شهید طهانی,خرید,"65,000,000","11,570,000,000",5,2,178,1,چوبي فلزي,ايراني فرنگي,موکت
10247456,1403/05/13,آپارتمان,شهرآرا خ 32,خرید,"138,000,000","13,800,000,000",1,2,100,1,MDF,ايراني فرنگي,سنگ
10354359,1403/05/13,آپارتمان,گیشا خ 31,خرید,"166,233,000","12,800,000,000",1,2,77,1,چوبي,ايراني فرنگي,سنگ
10039908,1403/05/13,کلنگی,نظام آباد خ مدنی جنوبی,خرید,"103,092,000","10,000,000,000",1,0,180,,نا مشخص,نامشخص,نا مشخص
10346801,1403/05/13,آپارتمان,اشرفی اصفهانی سیمون بولیوار خ مراد آباد,خرید,"85,714,000","9,000,000,000",2,2,105,1,سنگ,ايراني فرنگي,سراميک
3974822,1403/05/13,کلنگی,نظام آّباد خ مدنی جنوبی خ خطیبی نژاد,خرید,"70,000,000","4,550,000,000",2,0,100,,نا مشخص,نامشخص,نا مشخص
10272726,1403/05/13,آپارتمان,سبلان شمالی 14متری لشگر,خرید,"75,352,000","5,350,000,000",2,2,71,1,MDF,ايراني فرنگي,سراميک
10354357,1403/05/13,آپارتمان,جشنواره خ زهدی,خرید,"44,000,000","3,300,000,000",3,2,75,1,MDF,ايرانی,سراميک
10063972,1403/05/13,مغازه,پونك بلوارمیرزابابایی,خرید,"250,000,000","7,000,000,000",3,0,28,1,نا مشخص,نامشخص,سنگ
10247692,1403/05/13,مغازه,ستاری بعد از كوروش مال,خرید,"1,236,363,000","13,600,000,000",3,0,11,1,نا مشخص,نامشخص,سنگ
10259387,1403/05/13,مغازه,كن خ احمد كاشانی,خرید,"108,330,000","6,500,000,000",3,0,45,1,نا مشخص,نامشخص,سراميک
10354356,1403/05/13,آپارتمان,كارگر شمالی بالاتر از خ فاطمی,خرید,"122,500,000","9,800,000,000",4,2,80,1,MDF,ايراني فرنگي,سراميک
10164187,1403/05/13,مغازه,گلبرگ غربی خ گلستان,خرید,"333,330,000","7,000,000,000",4,0,21,1,نا مشخص,نامشخص,سنگ
10348355,1403/05/13,مغازه,شهرك راه آهن بلوار كوهك,خرید,"373,333,000","28,000,000,000",4,0,75,1,نا مشخص,ايرانی,سنگ
10334163,1403/05/13,آپارتمان,نارمك خ شهید سانی ابتدای سمندگان,خرید,"94,339,000","5,000,000,000",2,1,53,1,MDF,ايراني فرنگي,سراميک
10350769,1403/05/13,آپارتمان,میدان امام حسین خ منتظری,خرید,"67,796,000","4,000,000,000",3,2,59,1,MDF,ايراني فرنگي,سراميک
10177123,1403/05/13,آپارتمان,مجیدیه جنوبی خ همایی,خرید,"110,000,000","8,140,000,000",2,2,74,1,MDF,ايراني فرنگي,سراميک
3300741,1403/05/13,اداری,ستارخان شادمان,خرید,"100,000,000","10,000,000,000",4,2,100,1,آبدارخانه,ايرانی,لامنيت
10352358,1403/05/13,آپارتمان,گیشا نرسیده به خ 28,خرید,"153,260,000","14,100,000,000",3,2,92,1,MDF,ايراني فرنگي,سراميک
10334828,1403/05/13,آپارتمان,پیروزی شكوفه خ نورصالحی,خرید,"50,746,000","3,400,000,000",2,1,67,1,MDF,ايرانی,سراميک
10274429,1403/05/13,آپارتمان,نارمك خ میرفخرایی,خرید,"75,000,000","5,700,000,000",4,2,76,1,MDF,ايراني فرنگي,سراميک
10333682,1403/05/13,آپارتمان,مجیدیه جنوبی خ حاجی پور,خرید,"90,360,000","15,000,000,000",2,3,166,2,MDF,ايراني فرنگي,پارکت
10273326,1403/05/13,آپارتمان,ستارخان شادمهر,خرید,"119,266,000","13,000,000,000",2,2,109,1,چوبي,ايراني فرنگي,سراميک
10332605,1403/05/13,آپارتمان,خ دماوند بالاتراز چهاراره خاقانی,خرید,"90,000,000","9,630,000,000",2,2,107,1,فلزي,ايراني فرنگي,سراميک
10257883,1403/05/13,اداری,شهرآراء خ نیایش,خرید,"87,912,000","8,000,000,000",2,2,91,1,آبدارخانه,ايرانی,سراميک
10121559,1403/05/13,آپارتمان,گلبرگ غربی خ مدنی شمالی,خرید,"79,032,000","4,900,000,000",2,1,62,1,MDF,ايرانی,سراميک
10269144,1403/05/13,مغازه,پیروزی 21 متری دهقان,خرید,"400,000,000","30,000,000,000",2,0,75,1,نا مشخص,نامشخص,سراميک
10258489,1403/05/13,آپارتمان,ستارخان توحید خ كوثر,خرید,"83,333,000","7,500,000,000",2,2,90,1,MDF,ايراني فرنگي,سراميک
10269150,1403/05/13,آپارتمان,پیروزی 21 متری دهقان,خرید,"95,000,000","10,925,000,000",2,2,115,1,MDF,ايراني فرنگي,سراميک
10269145,1403/05/13,آپارتمان,پیروزی 21 متری دهقان,خرید,"95,000,000","11,400,000,000",2,2,120,1,دلخواه,ايراني فرنگي,سراميک
10269149,1403/05/13,آپارتمان,پیروزی 21 متری دهقان,خرید,"95,000,000","9,975,000,000",2,2,105,1,MDF,ايراني فرنگي,سراميک
10115580,1403/05/13,آپارتمان,گلبرگ غربی خ نوروزی فرد,خرید,"82,051,000","3,200,000,000",1,1,39,1,MDF,ايرانی,سراميک
10148477,1403/05/13,مغازه,نارمك خ ثانی,خرید,"171,428,000","6,000,000,000",1,0,35,1,نا مشخص,نامشخص,سراميک
10272768,1403/05/13,مغازه,پونك بلوار میرزابابائی,خرید,"200,000,000","2,000,000,000",1,0,10,1,نا مشخص,نامشخص,سراميک
10038532,1403/05/13,مغازه,جنت آباد شاهین شمالی,خرید,"400,000,000","16,000,000,000",1,0,40,1,نا مشخص,نامشخص,سراميک
10240888,1403/05/13,مغازه,هروی حسین اباد,خرید,"1,000,000,000","16,000,000,000",1,0,16,1,نا مشخص,نامشخص,سنگ
2033834,1403/05/13,مستغلات,دولت خ نعمتی,خرید,"350,000,000","196,000,000,000",1,8,480,4,فلزي,ايراني فرنگي,پارکت
3771464,1403/05/13,مغازه,نارمك خ آیت,خرید,"680,555,000","49,000,000,000",1,0,58,1,نا مشخص,نامشخص,سنگ
10348303,1403/05/13,مغازه,جنت آباد جنوبی بین خ 5 و 6,خرید,"1,100,000,000","16,500,000,000",1,0,15,1,نا مشخص,نامشخص,سراميک
10267714,1403/05/13,کلنگی,ستارخان خ كاشانی پور,خرید,"304,182,000","80,000,000,000",1,0,150,0,نا مشخص,نامشخص,نا مشخص
10251131,1403/05/13,کلنگی,نارمك خ سهیلیان,خرید,"98,484,000","6,500,000,000",1,0,126,0,نا مشخص,نامشخص,نا مشخص
10273416,1403/05/13,آپارتمان,نارمك خ چمن,خرید,"97,014,000","13,000,000,000",4,3,134,1,MDF,ايراني فرنگي,سراميک
10064925,1403/05/13,کلنگی,محمدعلی جناح ك صفا,خرید,"294,117,000","90,000,000,000",4,0,280,,نا مشخص,نامشخص,نا مشخص
10203878,1403/05/13,آپارتمان,ستاری خ اخلاص,خرید,"138,333,000","12,450,000,000",2,2,90,1,چوبي,ايراني فرنگي,سنگ
10332616,1403/05/13,آپارتمان,هروی خ وفامنش,خرید,"165,000,000","26,400,000,000",2,2,160,1,چوبي,ايراني فرنگي,سنگ
10349397,1403/05/13,آپارتمان,كن سولقان,خرید,"50,000,000","2,750,000,000",3,1,55,1,MDF,ايرانی,پارکت
10269295,1403/05/13,اداری,شریعتی بالاتراز چهارراه قدوسی,خرید,"117,808,000","8,600,000,000",2,2,73,1,MDF,ايراني فرنگي,سنگ
10354350,1403/05/13,آپارتمان,تهران پارس خ استخر,خرید,"88,000,000","6,600,000,000",3,2,75,1,MDF,ايرانی,سراميک
10246813,1403/05/13,آپارتمان,نارمك خ ثانی,خرید,"107,017,000","6,100,000,000",4,1,57,1,MDF,ايراني فرنگي,سنگ
10263166,1403/05/13,مغازه,ستارخان خ بهبودی,خرید,"382,500,000","15,300,000,000",4,0,37,1,نا مشخص,نامشخص,سراميک
10262588,1403/05/13,آپارتمان,پونك سردار جنگل بالاتراز میرزابابائی,خرید,"170,000,000","26,350,000,000",2,3,155,1,چوبي,ايراني فرنگي,سنگ
10332920,1403/05/13,اداری,پاسداران بالاتراز پل همت,خرید,"165,000,000","11,880,000,000",3,2,72,1,آبدارخانه,ايرانی,سراميک
10266789,1403/05/13,آپارتمان,شهرآرا نرسیده به خ شوریده,خرید,"101,190,000","8,500,000,000",3,2,84,1,MDF,ايرانی,سراميک
10299026,1403/05/13,آپارتمان,شهران خ یكم,خرید,"111,803,000","6,820,000,000",2,2,61,1,MDF,ايرانی,سراميک
10180978,1403/05/13,مغازه,مجیدیه جنوبی خ استاد حسن بنا جنوبی,خرید,"300,000,000","19,200,000,000",2,0,54,1,نا مشخص,ايرانی,سنگ
3532324,1403/05/13,آپارتمان,شهرآرا خ ملكوتی,خرید,"152,380,000","12,800,000,000",4,2,84,1,MDF,ايراني فرنگي,سنگ
10335575,1403/05/13,آپارتمان,پونك خ صفاریان طوسی,خرید,"106,550,000","6,500,000,000",4,1,61,1,MDF,ايرانی,سراميک
10200309,1403/05/13,آپارتمان,صادقیه بلوار گلاب خ صلاحی,خرید,"140,869,000","16,200,000,000",5,2,115,1,MDF,ايراني فرنگي,سنگ
10297511,1403/05/13,مغازه,گلبرگ غربی میدان هلال احمر,خرید,"512,500,000","12,300,000,000",5,0,24,1,نا مشخص,ايرانی,سراميک
10299376,1403/05/13,آپارتمان,نارمك خ افشاری,خرید,"120,000,000","10,560,000,000",2,2,88,1,MDF,ايراني فرنگي,سراميک
10188115,1403/05/13,آپارتمان,لویزان نرسیده به خ رحیمی پور,خرید,"115,517,000","6,700,000,000",2,1,58,1,MDF,ايراني فرنگي,سنگ
10332500,1403/05/13,آپارتمان,نارمك خ رضوان,خرید,"180,000,000","27,000,000,000",2,3,150,1,چوبي,ايراني فرنگي,سنگ
10165155,1403/05/13,آپارتمان,نارمك خ سهیلیان,خرید,"68,354,000","5,400,000,000",4,2,79,1,MDF,ايراني فرنگي,سراميک
10205346,1403/05/13,مستغلات,گلبرگ خ اكبر عباسی,خرید,"121,212,000","8,000,000,000",4,2,100,2,فلزي,ايرانی,سراميک
10354347,1403/05/13,آپارتمان,ستاری پیامبر غربی,خرید,"137,000,000","13,700,000,000",2,2,100,1,چوبي,ايراني فرنگي,لامنيت
10354346,1403/05/13,آپارتمان,پاسداران خ گلستان,خرید,"148,809,000","25,000,000,000",3,3,168,1,MDF,ايراني فرنگي,سنگ
3831734,1403/05/13,آپارتمان,تهرانپارس خ 154,خرید,"112,740,000","11,500,000,000",2,2,102,1,MDF,ايرانی,سراميک
10267916,1403/05/13,کلنگی,گلبرگ غربی خ صفایی,خرید,"120,000,000","8,040,000,000",2,2,147,2,MDF,ايراني فرنگي,سراميک
10116002,1403/05/13,آپارتمان,گلبرگ غربی خ صفایی,خرید,"70,909,000","3,900,000,000",4,2,55,1,MDF,ايرانی,سراميک
10354345,1403/05/13,کلنگی,اشرفی اصفهانی باغ فیض,خرید,"232,558,000","80,000,000,000",4,0,150,0,نا مشخص,نامشخص,نا مشخص
10336086,1403/05/13,آپارتمان,تهرانپارس بلوار پروین خ 214,خرید,"89,520,000","9,400,000,000",4,2,105,1,MDF,ايراني فرنگي,سنگ
10271414,1403/05/13,کلنگی,گلبرگ غربی نرسیده به خ مدنی,خرید,"285,714,000","40,000,000,000",4,0,400,0,نا مشخص,نامشخص,نا مشخص
10354344,1403/05/13,آپارتمان,پونك همیلا,خرید,"130,693,000","13,200,000,000",3,2,101,1,MDF,ايراني فرنگي,لامنيت
10354343,1403/05/13,آپارتمان,شهران فلكه اول,خرید,"140,000,000","17,780,000,000",5,3,127,1,MDF,ايراني فرنگي,سراميک
10297483,1403/05/13,آپارتمان,گلبرگ شرقی خ دردشت,خرید,"75,000,000","5,100,000,000",4,2,68,1,MDF,ايرانی,سراميک
10354342,1403/05/13,آپارتمان,جنت آباد شمالی خ جهاداكبر,خرید,"129,370,000","18,500,000,000",3,3,143,1,MDF,ايراني فرنگي,سنگ
10354340,1403/05/13,مستغلات,جنت آباد مركزی خ دانش,خرید,"260,000,000","26,000,000,000",3,6,210,1,MDF,ايرانی,سراميک
10351134,1403/05/13,آپارتمان,جنت اباد شمالی كوروش غربی,خرید,"85,080,000","4,850,000,000",3,1,57,1,MDF,ايراني فرنگي,سراميک
10350846,1403/05/13,آپارتمان,شهید عراقی نرسیده به بن بست شبنم,خرید,"142,857,000","16,000,000,000",3,2,112,1,MDF,ايراني فرنگي,سراميک
10349713,1403/05/13,آپارتمان,شهران خ وسك,خرید,"118,050,000","8,500,000,000",9,2,72,1,MDF,ايراني فرنگي,سراميک
10351648,1403/05/13,آپارتمان,جنت آباد مركزی 35 متری گلستان,خرید,"121,210,000","16,000,000,000",2,3,132,1,چوبي,ايراني فرنگي,سراميک
3422033,1403/05/13,آپارتمان,تهران پارس مهرنامی,خرید,"140,000,000","16,940,000,000",1,2,121,1,MDF,ايراني فرنگي,سنگ
10354337,1403/05/13,آپارتمان,پاسداران شمالی نارنجستان,خرید,"320,000,000","28,640,000,000",2,2,89,1,MDF,ايراني فرنگي,سنگ
10259966,1403/05/13,مغازه,صادقیه فلكه اول,خرید,"882,352,000","15,000,000,000",2,0,17,1,نا مشخص,نامشخص,پارکت
10354336,1403/05/13,مستغلات,جنت آباد شمالی خ میلاد,خرید,"230,000,000","46,000,000,000",2,6,360,1,MDF,ايرانی,سراميک
10354335,1403/05/13,آپارتمان,حكیمیه ابتدای بلوار بهار میدان چمن آرا,خرید,"61,620,000","5,300,000,000",4,2,86,1,MDF,ايراني فرنگي,سراميک
10354334,1403/05/13,آپارتمان,پونك سردارجنگل,خرید,"123,850,000","13,500,000,000",3,2,109,1,MDF,ايرانی,سنگ
10332284,1403/05/13,آپارتمان,دولت نرسیده به خ فكوریان,خرید,"178,000,000","8,900,000,000",1,1,50,1,هایگلاس,فرنگی,سنگ
10249501,1403/05/13,آپارتمان,نامجونرسیده به ك عادلی,خرید,"58,108,000","4,300,000,000",4,2,74,1,MDF,ايرانی,سراميک
3932892,1403/05/13,کلنگی,وحیدیه خ بخت آزاد,خرید,"140,000,000","28,000,000,000",4,0,100,,نا مشخص,نامشخص,نا مشخص
10263096,1403/05/13,آپارتمان,هروی حسین آباد خ مژده,خرید,"142,105,000","27,000,000,000",3,3,190,1,MDF,ايراني فرنگي,سراميک
10149739,1403/05/13,آپارتمان,لویزان شیان,خرید,"129,032,000","16,000,000,000",4,2,124,1,MDF,ايراني فرنگي,سراميک
10322380,1403/05/13,آپارتمان,وحیدیه خ بخت آزاد,خرید,"75,000,000","9,375,000,000",4,4,125,1,MDF,ايراني فرنگي,سراميک
10332628,1403/05/13,آپارتمان,لویزان خ شیان,خرید,"148,437,000","9,500,000,000",4,1,64,1,MDF,فرنگی,پارکت
10275277,1403/05/13,آپارتمان,تهرانپارس خ 214,خرید,"73,840,000","4,800,000,000",2,1,65,1,MDF,ايراني فرنگي,پارکت
10333288,1403/05/13,آپارتمان,دروس خ كماسی,خرید,"281,645,000","44,500,000,000",4,3,158,1,فرنيش,ايراني فرنگي,سنگ
10347842,1403/05/13,آپارتمان,لویزان شیان خ فرشادی,خرید,"98,148,000","7,950,000,000",2,2,81,1,MDF,ايراني فرنگي,سراميک
10322375,1403/05/13,آپارتمان,خ دماوند خ محمد شعبانی,خرید,"56,140,000","3,200,000,000",4,1,57,1,MDF,ايراني فرنگي,لامنيت
10333773,1403/05/13,آپارتمان,پاسداران خ بهارستان,خرید,"166,666,000","20,000,000,000",2,2,120,1,MDF,ايراني فرنگي,سراميک
10275455,1403/05/13,آپارتمان,دروس خ هاتف اصفهانی,خرید,"260,000,000","54,600,000,000",1,3,210,1,چوبي,ايراني فرنگي,سنگ
10270916,1403/05/13,آپارتمان,شهران بلوار كوهسار,خرید,"100,000,000","7,000,000,000",4,1,70,1,MDF,ايراني فرنگي,سنگ
10354332,1403/05/13,آپارتمان,دروازه شمیران خ همایون ناطقی,خرید,"85,000,000","4,165,000,000",1,1,49,1,MDF,ايرانی,سراميک
10249634,1403/05/13,آپارتمان,سبلان شمالی نرسیده به خ بازرگان,خرید,"82,500,000","3,300,000,000",3,1,40,1,MDF,ايرانی,سراميک
10351662,1403/05/13,آپارتمان,جنت آباد شاهین شمالی,خرید,"115,000,000","6,900,000,000",3,2,60,0,هایگلاس,ايراني فرنگي,سراميک
10265708,1403/05/13,آپارتمان,نامجو بالاتر از قجاوند,خرید,"63,076,000","4,100,000,000",3,2,65,1,MDF,ايرانی,سراميک
10162206,1403/05/13,آپارتمان,سبلان شمالی خ ایزدی,خرید,"73,170,000","6,000,000,000",4,2,82,1,MDF,ايرانی,پارکت
10351670,1403/05/13,آپارتمان,شهران فلكه سوم,خرید,"106,360,000","11,700,000,000",4,2,110,1,چوبي,ايراني فرنگي,سنگ
10354330,1403/05/13,آپارتمان,اشرفی اصفهانی خ اقبالپور,خرید,"112,068,000","6,500,000,000",3,1,58,1,MDF,ايرانی,سراميک
10267948,1403/05/13,مغازه,معلم خ گوهری,خرید,"1,000,000,000","23,000,000,000",3,0,23,1,نا مشخص,نامشخص,سنگ
10349757,1403/05/13,آپارتمان,تهرانپارس شهرك شاهد,خرید,"88,420,000","8,400,000,000",2,2,95,1,MDF,ايراني فرنگي,سراميک
10218711,1403/05/13,مغازه,نامجو بالاتر از ایستگاه مدرسه,خرید,"304,109,000","11,100,000,000",2,0,33,1,نا مشخص,نامشخص,سراميک
10354328,1403/05/13,آپارتمان,جمن آباد جنوبی والفجر,خرید,"128,735,000","11,200,000,000",6,2,87,1,MDF,ايراني فرنگي,سراميک
10354327,1403/05/13,آپارتمان,پاسداران شمالی خ نارنجستان هفتم,خرید,"222,220,000","100,000,000,000",7,4,450,1,چوبي,ايراني فرنگي,سنگ
10348048,1403/05/13,آپارتمان,تهرانپارس خ توحید,خرید,"118,750,000","10,450,000,000",1,2,88,1,MDF,ايراني فرنگي,سراميک
10354326,1403/05/13,آپارتمان,شهرزیبا خ شربیانی,خرید,"120,000,000","12,960,000,000",5,2,108,1,MDF,ايراني فرنگي,سنگ
3500642,1403/05/13,آپارتمان,حكیمیه خ بوستان,خرید,"115,170,000","16,700,000,000",5,3,145,1,MDF,ايراني فرنگي,سراميک
10351369,1403/05/13,آپارتمان,جنت آباد جنوبی 16 متری اول,خرید,"89,000,000","11,481,000,000",3,3,129,1,MDF,ايرانی,سراميک
10117513,1403/05/13,آپارتمان,اشرفی اصفهانی باغ فیض,خرید,"128,205,000","15,000,000,000",2,2,117,1,MDF,ايراني فرنگي,سنگ
10354324,1403/05/13,آپارتمان,آیت الله كاشانی سازمان برنامه شمالی خ مهرابی,خرید,"115,550,000","15,600,000,000",2,3,135,1,MDF,ايراني فرنگي,سنگ
10354322,1403/05/13,زمین,اشرفی اصفهانی خ اسكندرزاده,خرید,"200,000,000","389,200,000,000",2,0,0,,نا مشخص,نامشخص,نا مشخص
10301916,1403/05/13,آپارتمان,سبلان شمالی خ حیدری,خرید,"74,000,000","6,586,000,000",2,2,89,1,MDF,ايراني فرنگي,سراميک
10354320,1403/05/13,آپارتمان,آیت الله كاشانی خ بهنام خ فرهنگیان,خرید,"62,857,000","6,600,000,000",4,2,105,1,فلزي,ايرانی,سراميک
10354318,1403/05/13,آپارتمان,بلوار فردوس شرق خ سلیمی جهرمی,خرید,"125,000,000","15,750,000,000",1,3,126,1,MDF,ايراني فرنگي,سنگ
10348148,1403/05/13,اداری,جردن جهان كودك,خرید,"400,000,000","40,000,000,000",3,4,100,4,آبدارخانه,ايرانی,سراميک
10161760,1403/05/13,مغازه,ولیعصر روبروی پارك ملت,خرید,"600,000,000","18,000,000,000",3,0,30,1,نا مشخص,نامشخص,سنگ
10348657,1403/05/13,اداری,جردن نرسیده به خ طاهری,خرید,"250,000,000","18,750,000,000",12,2,75,1,آبدارخانه,ايراني فرنگي,سراميک
3167789,1403/05/13,مستغلات,پیچ شمیران صفی علیشاه خ درویش,خرید,"188,679,000","100,000,000,000",12,10,700,8,فلزي,ايرانی,سراميک
10354317,1403/05/13,آپارتمان,پیروزی پرستارجنوبی,خرید,"65,454,000","3,600,000,000",12,1,55,1,MDF,ايرانی,سراميک
10354316,1403/05/13,آپارتمان,مینی سیتی شهرك نفت,خرید,"169,230,000","22,000,000,000",5,3,130,1,MDF,ايراني فرنگي,سراميک
10354315,1403/05/13,آپارتمان,مینی سیتی شهرك نفت,خرید,"126,016,000","15,500,000,000",1,3,123,1,MDF,ايراني فرنگي,سراميک
3820976,1403/05/13,زمین,بزرگراه ارتش شهرك لاله,خرید,"30,000,000","1,020,000,000,000",1,0,0,0,نا مشخص,نامشخص,نا مشخص
10248798,1403/05/13,مغازه,جردن بالاتراز چهارراه,خرید,"454,545,000","10,000,000,000",1,0,22,1,نا مشخص,نامشخص,سراميک
3537422,1403/05/13,زمین,سوهانك نرسیده به بیدستان دهم,خرید,"15,000,000","1,500,000,000",1,0,0,0,نا مشخص,نامشخص,نا مشخص
10218281,1403/05/13,اداری,سهروردی شمالی خ خلیل حسینی,خرید,"93,181,000","4,100,000,000",4,2,44,1,فلزي,ايرانی,موکت
10300044,1403/05/13,آپارتمان,ازگل خ آبشار شرقی,خرید,"185,483,000","23,000,000,000",3,2,124,1,MDF,ايراني فرنگي,لامنيت
10249787,1403/05/13,مغازه,جردن بلوار گلشهر,خرید,"1,302,941,000","22,150,000,000",3,0,17,4,نا مشخص,نامشخص,پارکت
10350740,1403/05/13,آپارتمان,سهروردی شمالی خ زینالی خ هیربد,خرید,"97,345,000","11,000,000,000",4,3,113,1,MDF,ايراني فرنگي,پارکت
10354314,1403/05/13,آپارتمان,ستاری پیامبر غربی,خرید,"120,610,000","11,700,000,000",2,2,97,1,MDF,فرنگی,سنگ
10298945,1403/05/13,آپارتمان,مینی سیتی شهرك نفت,خرید,"142,857,000","19,000,000,000",2,2,133,1,MDF,ايراني فرنگي,پارکت
10354313,1403/05/13,آپارتمان,ازگل خ نوبهار,خرید,"147,945,000","10,800,000,000",2,1,73,1,MDF,ايراني فرنگي,سراميک
10354312,1403/05/13,آپارتمان,كرین خان خ خردمند جنوبی,خرید,"74,660,000","5,600,000,000",3,3,75,3,آبدارخانه,ايرانی,سراميک
10354311,1403/05/13,آپارتمان,خواجه نظام خ اجاره دار,خرید,"70,930,000","3,050,000,000",3,1,43,1,MDF,فرنگی,پارکت
10354310,1403/05/13,آپارتمان,خ مازندران انتهای خ مدنی جنوبی,خرید,"55,310,000","2,650,000,000",1,1,47,1,MDF,ايرانی,سنگ
2686908,1403/05/13,مغازه,جلال آل احمد زیر پل یادگار,خرید,"900,000,000","18,000,000,000",1,0,20,2,نا مشخص,نامشخص,سنگ
10299153,1403/05/13,آپارتمان,بلوارمرزداران خ البرز,خرید,"208,333,000","25,000,000,000",1,2,120,1,MDF,ايرانی,سراميک
10267900,1403/05/13,زمین,بلوارمرزداران خ ایثار,خرید,"262,295,000","80,000,000,000",1,0,0,0,نا مشخص,نامشخص,نا مشخص
3528311,1403/05/13,آپارتمان,بلوار مرزداران 35 متری لاله,خرید,"150,406,000","18,500,000,000",1,3,123,2,MDF,ايراني فرنگي,سنگ
10253453,1403/05/13,آپارتمان,بزرگراه ارتش شهرك ابوذر,خرید,"143,362,000","16,200,000,000",1,3,113,1,MDF,ايراني فرنگي,سراميک
10251147,1403/05/13,اداری,بنی هاشم خ نصیبی,خرید,"200,000,000","13,800,000,000",3,1,69,1,آبدارخانه,ايرانی,سراميک
10354309,1403/05/13,آپارتمان,آرژانتین ك هشتم,خرید,"96,296,000","7,800,000,000",2,2,81,1,فلزي,فرنگی,سراميک
10127494,1403/05/13,آپارتمان,دروس خ هدایت,خرید,"182,140,000","51,000,000,000",1,4,280,1,MDF,ايراني فرنگي,سنگ
10354308,1403/05/13,آپارتمان,بلوار فردوس غرب بهار شمالی,خرید,"95,180,000","7,900,000,000",1,2,83,1,MDF,ايراني فرنگي,سراميک
10181195,1403/05/13,آپارتمان,بزرگراه رسالت خ هدایتی,خرید,"82,700,000","11,000,000,000",1,2,133,1,فلزي,ايرانی,موزائيک
10124938,1403/05/13,مستغلات,بلوارمرزداران خ ایثار خ بهار,خرید,"400,000,000","48,000,000,000",1,6,280,1,MDF,ايرانی,سراميک
10347884,1403/05/13,آپارتمان,پیروزی پرستار جنوبی,خرید,"65,454,000","3,600,000,000",1,1,55,1,هایگلاس,ايرانی,سراميک
3452267,1403/05/13,مغازه,جلال آل احمد زیر پل یادگار,خرید,"266,666,000","8,000,000,000",1,0,30,1,نا مشخص,نامشخص,سنگ
10116432,1403/05/13,آپارتمان,مجیدیه شمالی خ منصوری,خرید,"88,880,000","8,000,000,000",1,2,90,1,MDF,ايراني فرنگي,سنگ
10333665,1403/05/13,اداری,بلوارمرزداران نرسیده به شیرینی فروشی ماه بانو,خرید,"160,000,000","21,600,000,000",6,2,135,1,آبدارخانه,ايراني فرنگي,سنگ
10354307,1403/05/13,آپارتمان,سعادت اباد خ صرافها,خرید,"360,000,000","54,000,000,000",6,4,266,2,MDF,ايراني فرنگي,سنگ
10354306,1403/05/13,آپارتمان,بنی هاشم ك تنگستانی,خرید,"125,000,000","10,375,000,000",1,2,83,1,MDF,ايراني فرنگي,سنگ
10269707,1403/05/13,اداری,ستارخان بازار سنتی,خرید,"200,000,000","3,000,000,000",2,0,15,2,آبدارخانه,ايرانی,سنگ
10301800,1403/05/13,آپارتمان,بنی هاشم ك تنگستانی,خرید,"130,800,000","10,856,400,000",4,2,83,1,MDF,ايراني فرنگي,سنگ
10354304,1403/05/13,آپارتمان,بنی هاشم ك تنگستانی,خرید,"127,200,000","10,557,600,000",3,2,83,1,MDF,ايراني فرنگي,سنگ
10124327,1403/05/13,آپارتمان,بلوارمرزداران خ اطاعتی,خرید,"100,000,000","6,500,000,000",4,1,65,1,MDF,ايرانی,سراميک
10301801,1403/05/13,آپارتمان,بنی هاشم ك تنگستانی,خرید,"128,514,000","32,000,000,000",4,6,249,3,MDF,ايراني فرنگي,سنگ
10269020,1403/05/13,مغازه,بلوارمرزداران خ ناهید,خرید,"320,000,000","5,440,000,000",4,0,17,1,نا مشخص,نامشخص,سراميک
10121259,1403/05/13,کلنگی,بلوارمرزداران تقاطع ایثار,خرید,"400,000,000","400,000,000,000",4,16,1040,1,MDF,ايرانی,سراميک
10187165,1403/05/13,مغازه,بلوارمرزداران خ ابراهیمی,خرید,"416,666,000","5,000,000,000",1,0,12,1,نا مشخص,نامشخص,سنگ
10248778,1403/05/13,کلنگی,بنی هاشم خ خسروآبادی,خرید,"250,000,000","27,000,000,000",1,0,120,0,نا مشخص,نامشخص,نا مشخص
10092427,1403/05/13,مستغلات,بزرگراه رسالت نرسیده به خ حسینی,خرید,"220,000,000","39,600,000,000",1,2,300,2,فلزي,ايرانی,سراميک
10298839,1403/05/13,اداری,فرمانیه نرسیده به چهارراه فرمانیه,خرید,"800,000,000","96,800,000,000",1,4,135,10,آبدارخانه,ايراني فرنگي,سراميک
10351709,1403/05/13,آپارتمان,دزاشیب بالاتراز خ كریمی,خرید,"200,000,000","6,000,000,000",3,1,30,1,MDF,فرنگی,سراميک
10252272,1403/05/13,اداری,دزاشیب خ كریمی,خرید,"188,679,000","20,000,000,000",5,3,106,1,MDF,ايراني فرنگي,سنگ
10296807,1403/05/13,مستغلات,بلوار مرزداران شهرك ژاندارمری خ آرش,خرید,"366,666,000","110,000,000,000",5,9,508,1,MDF,ايراني فرنگي,پارکت
10270074,1403/05/13,آپارتمان,صادقیه فلكه اول خ رحیمی,خرید,"140,000,000","17,780,000,000",1,3,127,1,چوبي,ايراني فرنگي,سراميک
10334778,1403/05/13,آپارتمان,فرمانیه اندرزگو,خرید,"147,142,000","10,300,000,000",2,2,70,1,MDF,ايراني فرنگي,سنگ
3906875,1403/05/13,کلنگی,ستارخان بین بهبودی و شادمان,خرید,"235,000,000","58,985,000,000",2,4,260,2,چوبي فلزي,ايرانی,موکت
3906727,1403/05/13,آپارتمان,ستارخان خ شادمان,خرید,"125,000,000","18,750,000,000",4,3,150,1,هایگلاس,ايراني فرنگي,سراميک
10198917,1403/05/13,آپارتمان,بلوار مرزداران نرسیده به خ فرشتگان,خرید,"270,000,000","44,820,000,000",5,3,166,0,MDF,ايراني فرنگي,سنگ
10347407,1403/05/13,آپارتمان,نیاوران خ باهنر,خرید,"187,500,000","22,500,000,000",1,2,120,1,MDF,ايراني فرنگي,سراميک
10276363,1403/05/13,اداری,ملاصدرا خ شیراز جنوبی,خرید,"170,000,000","28,050,000,000",3,1,165,1,آبدارخانه,ايرانی,سراميک
3887822,1403/05/13,اداری,سبلان شمالی خ حیدری,خرید,"80,000,000","10,240,000,000",3,0,128,1,آبدارخانه,ايرانی,سنگ
3171560,1403/05/13,مغازه,ولیعصر بالاتراز میدان ولیعصر,خرید,"300,000,000","6,000,000,000",3,0,20,2,نا مشخص,نامشخص,سنگ
3460062,1403/05/13,اداری,پاسداران شمالی نرسیده به نارنجستان,خرید,"850,000,000","102,000,000,000",1,2,135,1,MDF,ايراني فرنگي,سراميک
3830255,1403/05/13,اداری,اشرفی اصفهانی خ پیامبر,خرید,"176,470,000","12,000,000,000",6,2,68,1,آبدارخانه,فرنگی,سراميک
10271705,1403/05/13,آپارتمان,گاندی نرسیده به ك دوم,خرید,"140,000,000","16,800,000,000",1,3,120,1,MDF,ايراني فرنگي,پارکت
10333855,1403/05/13,آپارتمان,ونك نرسیده به مركز خرید ونك,خرید,"205,000,000","14,965,000,000",4,2,73,1,MDF,ايراني فرنگي,سراميک
3991426,1403/05/13,مستغلات,شیخ بهائی شمالی نرسیده به خ 12متری دوم,خرید,"650,000,000","345,800,000,000",4,12,950,7,چوبي,ايراني فرنگي,سنگ
3566277,1403/05/13,تجاری,ملاصدرا شیراز جنوبی,خرید,"652,173,000","180,000,000,000",4,0,276,1,نا مشخص,ايرانی,سنگ
10244878,1403/05/13,آپارتمان,دربند خ امامزاده قاسم,خرید,"141,509,000","7,500,000,000",3,1,53,1,MDF,ايرانی,سراميک
10354299,1403/05/13,آپارتمان,آیت الله كاشانی سازمان برنامه شمالی,خرید,"103,030,000","6,800,000,000",2,1,66,1,MDF,ايرانی,سراميک
10132405,1403/05/13,مغازه,ونك ده ونك,خرید,"900,000,000","21,600,000,000",2,0,24,1,نا مشخص,ايرانی,سنگ
10103309,1403/05/13,اداری,گاندی نرسیده به هتل بیمارستان گاندی,خرید,"123,417,000","19,500,000,000",5,4,158,1,MDF,ايراني فرنگي,پارکت
10354298,1403/05/13,مغازه,خیام شمالی نبش صور اسرافیل,خرید,"750,000,000","30,000,000,000",5,0,27,1,نا مشخص,نامشخص,سنگ
2784482,1403/05/13,اداری,میدان ونك خ ونك,خرید,"123,456,000","20,000,000,000",4,3,162,1,MDF,ايراني فرنگي,سنگ
10240401,1403/05/13,اداری,گاندی ك 11,خرید,"393,700,000","250,000,000,000",4,15,635,1,MDF,ايراني فرنگي,سنگ سراميک
10354297,1403/05/13,مستغلات,سبلان جنوبی خ انصارالحسین,خرید,"85,000,000","4,420,000,000",4,0,135,,فلزي,ايرانی,موزائيک
10301042,1403/05/13,آپارتمان,بلوار ابوذر جنوبی خ بهشتی,خرید,"59,016,000","3,600,000,000",4,1,61,1,MDF,ايرانی,سراميک
3558434,1403/05/13,کلنگی,ملاصدرا شیراز جنوبی,خرید,"400,000,000","240,000,000,000",4,0,300,0,نا مشخص,نامشخص,نا مشخص
10301051,1403/05/13,آپارتمان,بلوار ابوذر جنوبی خ ربذه جنوبی بین پل چهارم و پنجم,خرید,"75,714,000","5,300,000,000",2,2,70,1,MDF,ايراني فرنگي,سراميک
10300850,1403/05/13,آپارتمان,نیرو هوایی خ پنجم فلكه اول,خرید,"77,777,000","7,000,000,000",4,2,90,1,MDF,ايرانی,سراميک
3523709,1403/05/13,زمین,ونك ده ونك خ رجبی,خرید,"30,000,000","6,000,000,000",4,0,0,0,نا مشخص,نامشخص,نا مشخص
10077580,1403/05/13,زمین,ونك ده ونك خ رجبی,خرید,"30,000,000","3,000,000,000",4,0,0,0,نا مشخص,نامشخص,نا مشخص
10007406,1403/05/13,آپارتمان,ونك ده ونك خ صابری,خرید,"125,000,000","14,750,000,000",1,2,118,1,MDF,ايراني فرنگي,سنگ
10301019,1403/05/13,آپارتمان,تهران نو خ اشراقی,خرید,"95,000,000","8,740,000,000",5,2,92,1,MDF,ايراني فرنگي,سراميک
10301016,1403/05/13,آپارتمان,تهران نو خ اشراقی,خرید,"115,000,000","12,305,000,000",2,2,107,1,هایگلاس,ايراني فرنگي,سنگ
10301043,1403/05/13,آپارتمان,پیروزی خ دهم فروردین,خرید,"60,000,000","2,400,000,000",4,1,40,1,MDF,ايرانی,سراميک
10300842,1403/05/13,آپارتمان,پیروزی پرستار جنوبی,خرید,"67,863,000","7,940,000,000",3,2,117,1,MDF,ايراني فرنگي,سراميک
3082463,1403/05/13,زمین,ونك روبروی پارك ایرانیان,خرید,"150,000,000","94,500,000,000",3,0,0,0,نا مشخص,نامشخص,نا مشخص
10300846,1403/05/13,آپارتمان,پیروزی خ افراسیابی,خرید,"70,000,000","4,200,000,000",3,1,60,1,MDF,ايرانی,سراميک
10300837,1403/05/13,آپارتمان,پیروزی پاسدارگمنام,خرید,"56,730,000","2,950,000,000",4,1,52,1,MDF,ايراني فرنگي,موزائيک
10300852,1403/05/13,آپارتمان,پیروزی بلوار ابوذر,خرید,"110,000,000","13,530,000,000",2,2,123,1,MDF,ايراني فرنگي,سراميک
10301067,1403/05/13,آپارتمان,پیروزی 400 دستگاه خ عزیزی,خرید,"54,166,000","3,250,000,000",4,1,60,1,MDF,ايرانی,سراميک
10300853,1403/05/13,آپارتمان,تهران نو امامت,خرید,"90,000,000","6,390,000,000",4,2,71,1,MDF,ايراني فرنگي,سراميک
10301062,1403/05/13,آپارتمان,نبرد جنوبی خ ده حقی,خرید,"86,666,000","6,500,000,000",3,2,75,1,MDF,ايراني فرنگي,سراميک
10300652,1403/05/13,آپارتمان,بزرگراه محلاتی چهارراه میثم خ كیانی,خرید,"49,180,000","3,000,000,000",3,1,61,1,MDF,ايرانی,سراميک
3526659,1403/05/13,آپارتمان,تهران نو خ حاجی فرجی,خرید,"66,666,000","3,000,000,000",4,1,45,1,MDF,ايرانی,سراميک
3836199,1403/05/13,آپارتمان,آپادانا خ نوبخت,خرید,"200,000,000","40,000,000,000",1,3,200,1,چوبي,ايراني فرنگي,سنگ
3854894,1403/05/13,کلنگی,دارآباد پورابتهاج ایستگاه مدرسه,خرید,"360,000,000","85,680,000,000",1,0,0,0,نا مشخص,نامشخص,نا مشخص
10352071,1403/05/13,آپارتمان,نیاوران میدان یاسر خ صادق قمی,خرید,"400,000,000","160,000,000,000",3,4,400,1,MDF,ايراني فرنگي,سنگ
10354292,1403/05/13,آپارتمان,سهروردی شمالی خ اندیشه,خرید,"100,000,000","12,800,000,000",1,2,128,1,MDF,ايراني فرنگي,سراميک
10267682,1403/05/13,اداری,بلوارفردوس خ قبادی,خرید,"161,290,000","10,000,000,000",3,1,62,1,آبدارخانه,ايراني فرنگي,سنگ
10354289,1403/05/13,آپارتمان,عباس آباد خ میرعماد,خرید,"108,910,000","22,000,000,000",3,3,202,1,MDF,ايراني فرنگي,پارکت
10354288,1403/05/13,مغازه,بازار بزرگ بین چهارسو بزرگ و كوچك,خرید,"2,000,000,000","50,000,000,000",3,0,25,2,نا مشخص,نامشخص,سنگ
3287662,1403/05/13,اداری,شریعتی نرسیده به میدان قدس,خرید,"300,000,000","28,800,000,000",1,1,96,1,MDF,ايراني فرنگي,سنگ
3287659,1403/05/13,اداری,شریعتی نرسیده به میدان قدس,خرید,"300,000,000","34,200,000,000",1,1,114,1,MDF,ايراني فرنگي,سنگ
10354286,1403/05/13,اداری,انقلاب خ بهارجنوبی,خرید,"63,235,000","4,300,000,000",2,1,68,1,آبدارخانه,ايرانی,پارکت
10354284,1403/05/13,آپارتمان,شریعتی نرسیده به سینما ایران,خرید,"17,692,000","2,300,000,000",2,2,130,1,MDF,ايرانی,موزائيک
10354282,1403/05/13,آپارتمان,خواجه نصیر نرسیده به ك معززی,خرید,"100,000,000","4,200,000,000",1,1,42,1,MDF,ايرانی,سراميک
10354280,1403/05/13,کلنگی,ولیعصر سه راه عباس آباد,خرید,"320,000,000","76,800,000,000",1,4,220,1,MDF,ايرانی,سراميک
10274184,1403/05/13,آپارتمان,نارمك میدان هفت حوض,معاوضه,"135,000,000","19,305,000,000",1,3,143,1,MDF,ايراني فرنگي,سراميک
10063502,1403/05/13,آپارتمان,تهران پارس خ 194 غربی,خرید,"85,000,000","6,630,000,000",4,2,78,1,MDF,ايراني فرنگي,سراميک
10354277,1403/05/13,آپارتمان,خواجه نظام خ اجاره دار,خرید,"75,438,000","4,300,000,000",2,2,57,1,MDF,فرنگی,سراميک
10354276,1403/05/13,آپارتمان,بلوار فردوس غرب خ ورزی شمالی,خرید,"180,000,000","18,720,000,000",5,2,104,1,MDF,ايراني فرنگي,سنگ
10354275,1403/05/13,آپارتمان,پلیس كلیم كاشانی,خرید,"71,110,000","3,200,000,000",5,1,45,1,نا مشخص,ايراني فرنگي,نا مشخص
10162156,1403/05/13,آپارتمان,نیاوران سه راه یاسر,خرید,"140,000,000","17,550,000,000",2,3,130,1,هایگلاس,ايراني فرنگي,سنگ
3096311,1403/05/13,مغازه,شریعتی نرسیده به میدان قدس,خرید,"200,000,000","20,000,000,000",2,0,20,1,نا مشخص,نامشخص,سنگ
10265773,1403/05/13,آپارتمان,شهرزیبا میدان الغدیر,خرید,"133,333,000","14,000,000,000",14,2,105,1,MDF,ايراني فرنگي,سراميک
10354272,1403/05/13,مغازه,شریعتی بهار شیراز,خرید,"687,500,000","22,000,000,000",14,0,24,1,نا مشخص,نامشخص,سراميک
10354271,1403/05/13,مستغلات,مجیدیه جنوبی داریوش سعدی,خرید,"122,640,000","13,000,000,000",14,3,230,,فلزي,ايرانی,موکت
10354270,1403/05/13,آپارتمان,دروازه شمیران خ شهید ناطقی,خرید,"71,520,000","3,290,000,000",1,1,46,1,MDF,فرنگی,سراميک
10354269,1403/05/13,آپارتمان,میرداماد خ نیل,خرید,"200,000,000","37,000,000,000",1,3,185,0,MDF,ايرانی,سنگ
10121111,1403/05/13,آپارتمان,میرداماد خ نیل,خرید,"200,000,000","34,000,000,000",1,3,170,0,MDF,ايرانی,سنگ
10184932,1403/05/13,مغازه,ولیعصر نرسیده به پارك ساعی,خرید,"382,142,000","10,700,000,000",1,0,28,,نا مشخص,نامشخص,سنگ
10245071,1403/05/13,کلنگی,شمس اباد خ استاد حسن بنا,خرید,"300,000,000","300,000,000,000",1,0,0,0,نا مشخص,نامشخص,نا مشخص
10205696,1403/05/13,اداری,جردن نرسیده به خ شهید طاهری,خرید,"200,000,000","120,000,000,000",1,10,600,5,آبدارخانه,فرنگی,سراميک
10204539,1403/05/13,اداری,اقدسیه خ فیروزبخش,خرید,"200,000,000","20,200,000,000",4,0,101,2,آبدارخانه,ايرانی,سراميک برنز
10354267,1403/05/13,آپارتمان,دروازه شمیران خ نصرآبادی,خرید,"90,420,000","8,500,000,000",2,2,94,1,MDF,ايراني فرنگي,سراميک
3993836,1403/05/13,تجاری,شریعتی نرسیده به حسینیه ارشاد,خرید,"350,000,000","88,900,000,000",2,0,254,1,آبدارخانه,ايراني فرنگي,سنگ
3314923,1403/05/13,مغازه,شریعتی نرسیده به میرداماد,خرید,"500,000,000","24,750,000,000",2,0,44,2,نا مشخص,ايرانی,سنگ
10206180,1403/05/13,آپارتمان,سعادت آباد شهرك مخابرات خ پیوند,خرید,"158,139,000","34,000,000,000",2,4,215,2,MDF,ايراني فرنگي,سراميک
3528426,1403/05/13,مغازه,طالقانی خ بهار جنوبی,خرید,"461,538,000","6,000,000,000",2,0,13,,نا مشخص,نامشخص,نا مشخص
10163760,1403/05/13,مغازه,شریعتی نرسیده به پل صدر,خرید,"747,126,000","65,000,000,000",2,0,65,1,نا مشخص,ايرانی,سراميک
10119486,1403/05/13,اداری,ولیعصر روبروی پارك ساعی,خرید,"273,092,000","68,000,000,000",2,6,249,1,آبدارخانه,ايرانی,سنگ
3587914,1403/05/13,اداری,فرشته خ شهید فیاضى,خرید,"420,000,000","56,280,000,000",1,3,134,0,آبدارخانه,فرنگی,پارکت سنگ
2824105,1403/05/13,اداری,فرشته خ شهید فیاضى,خرید,"420,000,000","70,560,000,000",1,4,168,0,آبدارخانه,فرنگی,پارکت سنگ
10354260,1403/05/13,آپارتمان,شمس آباد بلوار بیژن,خرید,"125,000,000","17,500,000,000",4,3,140,1,MDF,ايراني فرنگي,سراميک
10248317,1403/05/13,مستغلات,دزاشیب خ كریمی,خرید,"157,894,000","180,000,000,000",4,20,1140,10,MDF,ايراني فرنگي,سراميک
10002989,1403/05/13,آپارتمان,دربند خ گلابدره,خرید,"130,000,000","23,400,000,000",3,3,180,0,MDF,ايراني فرنگي,سنگ
3671686,1403/05/13,تجاری,بزرگراه رسالت شرق بعد از صیاد شیرازی,خرید,"192,307,000","25,000,000,000",3,0,130,1,نا مشخص,نامشخص,سراميک
10132963,1403/05/13,اداری,ولیعصر نرسیده به چهاردهم,خرید,"238,317,000","51,000,000,000",1,8,214,1,آبدارخانه,ايراني فرنگي,سنگ
10354258,1403/05/13,آپارتمان,شریعتی بالاتراز بیمارستان ایرانمهر,خرید,"153,333,000","23,000,000,000",3,3,150,1,MDF,ايراني فرنگي,سنگ
3470283,1403/05/13,اداری,سهروردی شمالی خ اندیشه,خرید,"102,941,000","7,000,000,000",5,4,68,2,آبدارخانه,ايرانی,سراميک
3882801,1403/05/13,تجاری,شریعتی تقاطع خ پلیس,خرید,"150,000,000","15,600,000,000",1,0,104,3,آبدارخانه,ايرانی,سراميک
2725616,1403/05/13,مغازه,شریعتی بالاتر از حسینیه ارشاد,خرید,"377,142,000","13,200,000,000",1,0,28,1,آبدارخانه,نامشخص,سراميک
10201130,1403/05/13,مغازه,میرداماد نرسیده به میدان محسنی,خرید,"857,142,000","18,000,000,000",1,0,21,1,نا مشخص,ايرانی,سراميک
3893533,1403/05/13,آپارتمان,شهرك غرب خ سپهر,خرید,"320,000,000","56,000,000,000",5,3,175,1,چوبي,ايراني فرنگي,سنگ
10187607,1403/05/13,آپارتمان,شهرك غرب خ سپهر,خرید,"320,000,000","55,040,000,000",5,3,172,1,چوبي,ايراني فرنگي,سنگ
10354256,1403/05/13,آپارتمان,تهرانپارس بلوار پروین خ شفیعی مكرم بین 135 و 137,خرید,"59,000,000","2,773,000,000",3,1,47,1,MDF,ايرانی,پارکت
10354255,1403/05/13,آپارتمان,انتهای همت غرب دریاچه,خرید,"97,014,000","13,000,000,000",13,3,134,1,MDF,ايراني فرنگي,سنگ
3469919,1403/05/13,آپارتمان,ولنجك خ 26 خ البرز,خرید,"165,517,000","24,000,000,000",1,3,145,1,MDF,ايراني فرنگي,سراميک
10275672,1403/05/13,آپارتمان,اشرفی اصفهانی خ باغ فیض,خرید,"125,860,000","7,300,000,000",2,1,58,1,MDF,ايراني فرنگي,سنگ
10350403,1403/05/13,آپارتمان,سعادت آباد بلوار بهزاد,خرید,"183,330,000","33,000,000,000",11,3,180,1,MDF,ايراني فرنگي,سراميک
3771454,1403/05/13,تجاری,مطهری بالاتر از چهارراه مفتح,خرید,"276,752,000","75,000,000,000",11,0,271,1,آبدارخانه,ايرانی,سراميک
3769092,1403/05/13,تجاری,فاطمی نرسیده به ك پنجم,خرید,"1,250,000,000","300,000,000,000",11,0,240,1,نا مشخص,نامشخص,موزائيک
3994804,1403/05/13,مستغلات,فرحزاد خ ایثارگران شمالی,خرید,"200,000,000","20,000,000,000",11,2,70,1,MDF,ايراني فرنگي,سراميک
10275673,1403/05/13,آپارتمان,پونك سردار جنگل,خرید,"122,050,000","8,300,000,000",1,2,68,1,MDF,ايراني فرنگي,سنگ
3298402,1403/05/13,مغازه,اشرفی اصفهانی نرسیده به مرزداران,خرید,"250,000,000","8,500,000,000",1,0,34,1,نا مشخص,نامشخص,سنگ
10255679,1403/05/13,آپارتمان,پلیس نرسیده به خ ناجا,خرید,"80,000,000","4,000,000,000",3,1,50,1,MDF,ايرانی,سراميک
10354252,1403/05/13,آپارتمان,دولت بلوار كاوه خ رزم جوین,خرید,"145,000,000","12,325,000,000",5,2,85,1,MDF,فرنگی,سنگ
10271741,1403/05/13,مستغلات,بزرگراه رسالت خ كرمان,خرید,"133,330,000","12,000,000,000",5,2,170,2,فلزي,ايرانی,سراميک
3959830,1403/05/13,اداری,قائم مقام فراهانی خ آزادگان,خرید,"94,339,000","10,000,000,000",3,2,106,2,آبدارخانه,ايرانی,سراميک
10336241,1403/05/13,آپارتمان,جمالزاده شمالی خ زند,خرید,"82,352,000","7,000,000,000",3,2,85,1,MDF,ايرانی,سراميک
10349762,1403/05/13,آپارتمان,سعادت آباد خ صرافهای شمالی,خرید,"196,478,000","27,900,000,000",9,3,142,1,MDF,ايراني فرنگي,سنگ
10297617,1403/05/13,آپارتمان,گیشا نرسیده به خ 19,خرید,"109,523,000","11,500,000,000",9,2,105,1,MDF,ايرانی,سراميک
3194908,1403/05/13,مغازه,میرداماد میدان محسنی,خرید,"147,222,000","5,300,000,000",1,0,24,1,نا مشخص,نامشخص,سنگ
3524448,1403/05/13,آپارتمان,فرجام چهارراه ولیعصر,خرید,"94,820,000","11,000,000,000",4,2,116,1,چوبي,ايرانی,سنگ
10264522,1403/05/13,آپارتمان,جنت آباد شاهین شمالی,خرید,"86,153,000","11,200,000,000",4,2,130,1,MDF,ايراني فرنگي,پارکت سنگ
3856156,1403/05/13,مستغلات,سراج كوچه شهید فرزانه آزادی,خرید,"153,840,000","20,000,000,000",4,6,280,4,فلزي,ايرانی,سراميک
10354250,1403/05/13,آپارتمان,تهران پارس خ خان میرزایی,خرید,"110,112,000","9,800,000,000",1,2,89,1,هایگلاس,ايراني فرنگي,سنگ
3992183,1403/05/13,مستغلات,ستاری پیامبرمركزی خ هجرت,خرید,"260,000,000","96,200,000,000",1,8,340,1,فلزي,ايرانی,موزائيک
3465648,1403/05/13,مغازه,پونك سردار جنگل جنوب,خرید,"700,000,000","49,000,000,000",1,0,70,0,آبدارخانه,ايرانی,سراميک
10300956,1403/05/13,مستغلات,تهرانپارس خ استخر,خرید,"160,000,000","13,440,000,000",1,1,60,1,فلزي,ايرانی,سراميک
3803762,1403/05/13,آپارتمان,اشرفی اصفهانی سیمون بولیوار خ الوند,معاوضه,"100,000,000","21,000,000,000",1,3,210,1,MDF,ايرانی,سنگ
10332539,1403/05/13,آپارتمان,تهرانپارس فلكه سوم خ 194,خرید,"113,043,000","13,000,000,000",2,2,115,1,هایگلاس,ايراني فرنگي,سنگ
10335103,1403/05/13,آپارتمان,تهرانپارس فلكه اول,خرید,"101,648,000","9,250,000,000",3,2,91,1,چوبي,ايراني فرنگي,سنگ
10134194,1403/05/13,مغازه,جردن بالاتر از بلوار گلشهر,خرید,"450,000,000","6,300,000,000",3,0,14,2,نا مشخص,نامشخص,سنگ
3932467,1403/05/13,مستغلات,ظفر زرگنده خ عطاری مقدم,خرید,"350,000,000","35,000,000,000",3,4,225,2,MDF,ايرانی,سراميک
10252635,1403/05/13,مستغلات,ملاصدرا خوارزمی,خرید,"257,352,000","210,000,000,000",3,10,880,1,MDF,ايرانی,سراميک
3367814,1403/05/13,مغازه,گیشا خ بلوچستان,خرید,"675,675,000","25,000,000,000",3,0,37,1,نا مشخص,ايرانی,سنگ
3394117,1403/05/13,اداری,بزرگراه ارتش نرسیده به مجتمع شمیران سنتر,خرید,"145,000,000","24,070,000,000",3,3,166,2,آبدارخانه,ايرانی,سنگ
10245955,1403/05/13,تجاری,ونك چهارراه كار و تجارت,خرید,"400,000,000","41,600,000,000",3,0,104,1,نا مشخص,نامشخص,سنگ
10132403,1403/05/13,مستغلات,گاندی نرسیده به خ هفدهم,خرید,"270,000,000","135,000,000,000",3,9,696,1,چوبي,ايرانی,سراميک
3428004,1403/05/13,تجاری,ونك بالاتراز میدان شیخ بهائی,خرید,"329,000,000","52,000,000,000",3,0,112,1,نا مشخص,ايرانی,موزائيک
10260539,1403/05/13,آپارتمان,زعفرانیه خ پسیان,خرید,"193,540,000","18,000,000,000",1,1,93,1,MDF,ايراني فرنگي,سراميک
10354249,1403/05/13,آپارتمان,شمس اباد بلوار بیژن,خرید,"109,574,468","10,300,000,000",3,2,94,,MDF,ايراني فرنگي,سراميک
10354247,1403/05/13,آپارتمان,میرداماد خ شمس تبریزی,خرید,"167,452,000","35,500,000,000",3,4,212,1,MDF,ايراني فرنگي,سنگ
10163894,1403/05/13,مغازه,دربند نرسیده به میدان سربند,خرید,"543,209,000","22,000,000,000",3,0,33,1,نا مشخص,نامشخص,سراميک
10241254,1403/05/13,مغازه,فاطمی نرسیده به پارك لاله,خرید,"600,000,000","13,500,000,000",3,0,20,0,نا مشخص,نامشخص,سنگ
2020745,1403/05/13,مغازه,اقدسیه خ فیروزبخش,خرید,"421,052,000","8,000,000,000",3,0,19,1,نا مشخص,ايرانی,سنگ
10354246,1403/05/13,اداری,پاسداران شمالی خ نارنجستان,خرید,"157,894,000","12,000,000,000",1,2,76,1,آبدارخانه,ايرانی,سراميک
10269588,1403/05/13,اداری,تجریش بعد از سینما آستارا,خرید,"150,000,000","6,450,000,000",2,1,43,1,آبدارخانه,ايرانی,سنگ
10354243,1403/05/13,آپارتمان,تجریش بالاتراز خ غلام جعفری,خرید,"205,128,000","24,000,000,000",1,2,117,1,MDF,ايراني فرنگي,سراميک
10354242,1403/05/13,آپارتمان,شهرك اكباتان فاز 2,خرید,"103,300,000","12,500,000,000",4,2,121,1,هایگلاس,ايراني فرنگي,سنگ
10347037,1403/05/13,آپارتمان,ازگل اراج خ ولیعصر,خرید,"88,414,000","14,500,000,000",4,4,164,1,MDF,ايرانی,سنگ
10188346,1403/05/13,اداری,قیطریه چیذر میدان ندا,خرید,"116,666,000","10,500,000,000",4,2,90,2,آبدارخانه,ايراني فرنگي,سراميک
10129649,1403/05/13,تجاری,شریعتی نرسیده به حسینیه ارشاد,خرید,"267,857,000","30,000,000,000",4,0,112,1,نا مشخص,ايرانی,سراميک
10265899,1403/05/13,اداری,قیطریه بلوار صبا,خرید,"160,000,000","12,320,000,000",1,2,77,1,آبدارخانه,ايراني فرنگي,سراميک
3079595,1403/05/13,کلنگی,الهیه پل رومی خ رضایی,خرید,"319,148,000","600,000,000,000",1,0,1100,0,نا مشخص,نامشخص,نا مشخص
2802447,1403/05/13,آپارتمان,فرشته خ تختی,خرید,"168,224,000","18,000,000,000",1,3,107,1,MDF,ايراني فرنگي,سراميک
3906503,1403/05/13,تجاری,بزرگراه ارتش مجتمع آتی ساز 2,خرید,"402,173,000","74,000,000,000",1,1,119,2,آبدارخانه,ايرانی,گرانيت
10151063,1403/05/13,آپارتمان,تهرانپارس خ رشید,خرید,"159,090,000","14,000,000,000",1,2,88,2,MDF,ايراني فرنگي,سنگ
10253631,1403/05/13,آپارتمان,بلوارمرزداران خ ابوالفضل خ ردایی,خرید,"108,000,000","9,180,000,000",2,2,85,1,MDF,ايرانی,سراميک
10149080,1403/05/13,مستغلات,نظام آباد خ مدنی جنوبی,خرید,"120,000,000","16,920,000,000",2,3,160,1,فلزي,ايرانی,موزائيک
10126380,1403/05/13,اداری,نامجو نرسیده به ك مفید,خرید,"80,882,000","5,500,000,000",2,2,68,3,MDF,ايرانی,سنگ
2478417,1403/05/13,مغازه,بزرگراه رسالت نرسیده به خ منصوری,خرید,"700,000,000","16,100,000,000",2,0,23,1,نا مشخص,نامشخص,سنگ
10052107,1403/05/13,مغازه,مجیدیه جنوبی خ همایی,خرید,"250,000,000","17,250,000,000",2,0,69,1,نا مشخص,نامشخص,سنگ
10300629,1403/05/13,مغازه,شمس آباد بلوار بیژن,خرید,"400,000,000","22,400,000,000",2,0,56,1,نا مشخص,ايرانی,سنگ
10300713,1403/05/13,مستغلات,شمس آباد شهید كرد,خرید,"210,000,000","51,660,000,000",2,3,240,1,MDF,ايرانی,سراميک
10256107,1403/05/13,کلنگی,بنی هاشم خ شجاعیان,خرید,"208,333,000","25,000,000,000",2,0,240,0,نا مشخص,نامشخص,نا مشخص
10300474,1403/05/13,آپارتمان,تجریش نرسیده به خ فنا خسرو,خرید,"334,710,000","40,500,000,000",1,2,121,1,MDF,ايرانی,سراميک
10300549,1403/05/13,آپارتمان,دزاشیب خ كریمی,خرید,"163,265,000","40,000,000,000",5,4,245,1,MDF,ايراني فرنگي,سراميک
10300463,1403/05/13,آپارتمان,قائم مقام نرسیده به خ چهارم,خرید,"90,000,000","15,660,000,000",3,3,174,2,MDF,ايراني فرنگي,سراميک
10332532,1403/05/13,آپارتمان,بلوار فردوس غرب سازمان برنامه,خرید,"110,000,000","10,010,000,000",3,2,91,1,MDF,ايراني فرنگي,سراميک
3166237,1403/05/13,مغازه,شهرك غرب بلوار فرحزادی,خرید,"1,100,000,000","22,000,000,000",4,0,20,1,نا مشخص,نامشخص,سراميک
10300523,1403/05/13,آپارتمان,فرمانیه خ وطن پور شمالی,خرید,"250,000,000","70,000,000,000",2,4,280,1,فرنيش,ايراني فرنگي,سنگ
3841033,1403/05/13,مغازه,سعادت آباد میدان كتاب,خرید,"1,500,000,000","27,000,000,000",5,0,18,1,نا مشخص,نامشخص,سنگ
10354236,1403/05/13,آپارتمان,شمس اباد میدان بهشتی,خرید,"120,000,000","14,640,000,000",2,3,122,0,MDF,ايراني فرنگي,سنگ
3287110,1403/05/13,تجاری,شهرك غرب بلوار دریا,خرید,"2,300,000,000","331,200,000,000",2,0,144,4,آبدارخانه,ايرانی,سراميک
10265864,1403/05/13,آپارتمان,شهرزیبا نرسیده به خ مرادی,خرید,"120,000,000","9,000,000,000",4,2,75,1,دلخواه,ايراني فرنگي,سراميک
10300105,1403/05/13,آپارتمان,قیطریه بلوار صبا,خرید,"205,357,000","11,500,000,000",4,1,56,1,MDF,ايرانی,سراميک
10354235,1403/05/13,آپارتمان,كوی فراز خ بیدار غربی,خرید,"182,835,000","24,500,000,000",2,3,134,1,MDF,ايراني فرنگي,سنگ
10300448,1403/05/13,آپارتمان,آیت الله كاشانی خ الهی,خرید,"127,500,000","10,200,000,000",1,2,80,1,MDF,ايراني فرنگي,سراميک
10183915,1403/05/13,آپارتمان,سعادت آباد بالاتر از میدان بهرود,خرید,"130,000,000","16,380,000,000",14,2,126,1,MDF,ايراني فرنگي,سنگ
10079120,1403/05/13,آپارتمان,سئول شهرك فجر,خرید,"130,000,000","14,820,000,000",1,2,114,1,MDF,ايرانی,سراميک
3369796,1403/05/13,تجاری,ونك بالاتر از میدان ونك,خرید,"400,000,000","111,200,000,000",1,0,270,1,نا مشخص,نامشخص,سراميک
3965589,1403/05/13,تجاری,سعادت آباد میدان بهرود,خرید,"400,000,000","160,000,000,000",1,4,400,1,آبدارخانه,ايرانی,سنگ
10124375,1403/05/13,آپارتمان,قیطریه بلوار صبا,خرید,"182,692,000","9,500,000,000",5,1,52,1,هایگلاس,ايراني فرنگي,پارکت
10354232,1403/05/13,آپارتمان,فرمانیه بلواراندرزگو,خرید,"205,128,000","16,000,000,000",5,2,78,1,MDF,ايراني فرنگي,سنگ
10300879,1403/05/13,آپارتمان,گلبرگ غربی بالاتراز میدان امام رضا,خرید,"90,000,000","7,200,000,000",5,2,80,1,MDF,ايراني فرنگي,سراميک
10300499,1403/05/13,آپارتمان,نارمك میدان 16,خرید,"150,000,000","10,500,000,000",3,2,70,1,MDF,ايرانی,سراميک
10300497,1403/05/13,آپارتمان,نارمك چهارراه تلفنخانه,خرید,"81,810,000","4,500,000,000",1,1,55,1,MDF,ايرانی,سراميک
10300492,1403/05/13,آپارتمان,وحیدیه میدان تسلیحات,خرید,"71,428,000","4,500,000,000",4,2,63,1,MDF,ايرانی,سراميک
10300488,1403/05/13,آپارتمان,نارمك خ ثانی غربی,خرید,"83,330,000","5,000,000,000",5,1,60,1,MDF,ايراني فرنگي,سراميک
10267968,1403/05/13,آپارتمان,نارمك خ سمنگان,خرید,"69,148,000","3,250,000,000",5,1,47,1,MDF,ايرانی,سراميک
10245475,1403/05/13,آپارتمان,نارمك خ سمنگان,خرید,"128,570,000","13,500,000,000",2,2,105,1,چوبي,ايراني فرنگي,سراميک
10354230,1403/05/13,آپارتمان,شهرزیبا بلوار تعاون خ شربیانی غربی,خرید,"105,000,000","13,020,000,000",7,2,124,1,MDF,ايراني فرنگي,سراميک
10300860,1403/05/13,آپارتمان,جشنواره خ سیری,خرید,"69,000,000","3,795,000,000",4,1,55,1,MDF,ايرانی,سراميک
10300933,1403/05/13,آپارتمان,تهرانپارس بلوار پروین خ 186,خرید,"75,000,000","6,000,000,000",3,2,80,1,MDF,ايراني فرنگي,سنگ
10300632,1403/05/13,آپارتمان,تهرانپارس خ 162,خرید,"116,666,000","7,700,000,000",1,2,66,1,MDF,ايراني فرنگي,سراميک
10300692,1403/05/13,آپارتمان,جشنواره خ امین خ زمرد,خرید,"50,793,000","3,200,000,000",1,1,63,1,MDF,ايرانی,سراميک
10300964,1403/05/13,آپارتمان,ستارخان خ سازمان آب,خرید,"112,000,000","5,600,000,000",5,1,50,1,MDF,ايرانی,سراميک
10300914,1403/05/13,آپارتمان,تهرانپارس بلوار پروین بین 133و 135,خرید,"76,530,000","7,500,000,000",3,2,98,1,MDF,ايراني فرنگي,سنگ
10354228,1403/05/13,آپارتمان,جنت آباد مركزی نرسیده به كوچه عسگری,خرید,"118,000,000","11,210,000,000",2,2,95,1,MDF,ايراني فرنگي,سنگ
10354227,1403/05/13,آپارتمان,عباس آباد خ سرافراز,خرید,"110,000,000","8,580,000,000",2,2,78,1,MDF,فرنگی,سراميک
10354226,1403/05/13,آپارتمان,هنگام چهارراه استقلال,خرید,"75,000,000","8,400,000,000",3,2,112,1,MDF,ايراني فرنگي,سنگ
3272233,1403/05/13,اداری,جلفا نرسیده به خ شقاقی,خرید,"76,923,000","8,000,000,000",4,2,104,1,آبدارخانه,ايرانی,سنگ
10300812,1403/05/13,آپارتمان,شمس آباد خ شهید كرد,خرید,"108,219,000","7,900,000,000",3,2,73,1,MDF,ايراني فرنگي,سراميک
10300907,1403/05/13,آپارتمان,سبلان جنوبی خ انصارالحسین,خرید,"78,125,000","7,500,000,000",3,2,96,1,MDF,ايراني فرنگي,سراميک
10300458,1403/05/13,آپارتمان,دروازه شمیران خ انتظاری خ كفائی امانی,خرید,"69,090,000","3,800,000,000",1,1,55,1,MDF,ايراني فرنگي,پارکت
10354225,1403/05/13,آپارتمان,خواجه نظام خ اجاره دار,خرید,"50,540,000","4,600,000,000",2,2,91,1,MDF,ايرانی,پارکت
10354224,1403/05/13,مغازه,شهرك شریعتی خ شهرداری جنوبی,خرید,"170,000,000","3,400,000,000",2,0,20,0,نا مشخص,نامشخص,سنگ
10300505,1403/05/13,آپارتمان,جلال آل احمد نرسیده به خ نصر,خرید,"164,634,000","13,500,000,000",3,2,82,1,MDF,ايراني فرنگي,پارکت
10322445,1403/05/13,آپارتمان,جمالزاده جنوبی تقاطع انقلاب,خرید,"75,000,000","4,275,000,000",2,1,57,1,MDF,ايرانی,سراميک
10300422,1403/05/13,آپارتمان,خواجه نظام خ اجاره دار ك ماندگار,خرید,"77,319,000","7,500,000,000",3,2,97,1,MDF,ايراني فرنگي,سراميک
10202441,1403/05/13,آپارتمان,خواجه نظام خ اجاره دار,خرید,"62,686,000","4,200,000,000",4,1,67,1,MDF,ايرانی,پارکت
10300604,1403/05/13,آپارتمان,شریعتی بالاتراز خ صدر,خرید,"141,111,000","12,700,000,000",3,2,90,1,MDF,ايراني فرنگي,سراميک
10267849,1403/05/13,آپارتمان,شریعتی بالاتر ازمیرداماد,خرید,"242,424,000","40,000,000,000",2,3,165,1,MDF,ايرانی,سنگ
10300520,1403/05/13,آپارتمان,جنت آباد جنوبی چهار باغ شرقی,خرید,"103,780,000","6,850,000,000",1,2,66,1,MDF,ايراني فرنگي,سراميک
10300976,1403/05/13,آپارتمان,پونك بلوار همیلا,خرید,"125,330,000","9,400,000,000",2,2,75,1,MDF,ايراني فرنگي,سراميک
10265800,1403/05/13,آپارتمان,پونك بلوار همیلا,خرید,"113,630,000","15,000,000,000",3,3,132,1,MDF,ايراني فرنگي,سراميک
10300820,1403/05/13,آپارتمان,پونك ایران زمین شمالی,خرید,"92,530,000","6,200,000,000",4,1,67,1,هایگلاس,ايراني فرنگي,سراميک
10300672,1403/05/13,آپارتمان,پیروزی خ نبردشمالی,خرید,"78,947,000","3,000,000,000",2,1,38,1,MDF,ايرانی,سراميک
10242677,1403/05/13,آپارتمان,دولت خ كیكاووس,خرید,"200,000,000","14,000,000,000",2,1,70,1,MDF,ايراني فرنگي,سراميک
10354222,1403/05/13,آپارتمان,میرداماد خ نفت,خرید,"185,000,000","48,100,000,000",6,3,260,1,MDF,ايراني فرنگي,سنگ
10300766,1403/05/13,آپارتمان,كوی فراز شهرك بوعلی,خرید,"113,630,000","7,500,000,000",6,1,66,1,هایگلاس,ايراني فرنگي,لامنيت
10300424,1403/05/13,آپارتمان,فرمانیه خ اندرزگو خ شریفی منش,خرید,"390,000,000","76,050,000,000",6,3,195,2,MDF,ايراني فرنگي,سنگ
10301080,1403/05/13,آپارتمان,سعادت آباد بلوار فرحزادی,خرید,"200,000,000","20,000,000,000",1,2,100,1,MDF,ايراني فرنگي,سنگ
10260093,1403/05/13,آپارتمان,جنت آباد شمالی بهارستان,خرید,"138,180,000","7,600,000,000",3,1,55,1,MDF,ايراني فرنگي,سراميک
10148510,1403/05/13,آپارتمان,جردن پارك صبا,خرید,"121,739,000","14,000,000,000",2,2,115,1,چوبي,ايراني فرنگي,سراميک
10301087,1403/05/13,آپارتمان,سعادت آباد میدان بهرود,خرید,"135,000,000","11,070,000,000",7,1,82,1,MDF,ايراني فرنگي,سنگ
10250350,1403/05/13,آپارتمان,ونك نرسیده به كردستان,خرید,"120,567,000","17,000,000,000",2,3,141,1,MDF,ايراني فرنگي,پارکت
10354219,1403/05/13,آپارتمان,شریعتی نرسیده به پل صدر,خرید,"161,111,000","29,000,000,000",2,3,180,1,MDF,ايراني فرنگي,سنگ
10300574,1403/05/13,آپارتمان,كوی فراز بلوار ذبیحی,خرید,"125,000,000","14,250,000,000",6,2,114,1,MDF,ايراني فرنگي,سراميک
10354218,1403/05/11,آپارتمان,نواب پروژه نواب,خرید,"45,714,000","3,200,000,000",3,2,70,0,MDF,ايرانی,سراميک
10078603,1403/05/11,مغازه,آیت الله كاشانی نرسیده به مسجد نظام مافی,خرید,"800,000,000","14,400,000,000",1,0,18,1,نا مشخص,نامشخص,سنگ
3183358,1403/05/11,مغازه,بلوار فردوس خ بهار شمالی,خرید,"270,000,000","8,640,000,000",1,0,32,5,نا مشخص,ايرانی,سنگ
10205243,1403/05/11,آپارتمان,آیت الله كاشانی خ بهنام,خرید,"91,603,000","12,000,000,000",3,2,131,1,MDF,ايراني فرنگي,سراميک
10164153,1403/05/11,آپارتمان,بلوار فردوس غرب خ پروانه,خرید,"117,391,000","13,500,000,000",3,3,115,1,MDF,ايراني فرنگي,سراميک
10200296,1403/05/11,آپارتمان,شهرزیبا بلوار تعاون خ فرساد شرقی,خرید,"86,315,000","8,200,000,000",3,2,95,1,MDF,ايرانی,سراميک
3999295,1403/05/11,آپارتمان,كریم خان خ ویلا,خرید,"94,117,000","8,000,000,000",2,2,85,1,MDF,ايراني فرنگي,سراميک
10273621,1403/05/11,کلنگی,طالقانی سمیه بهار جنب بیمارستان آراد ك حمید صدیق,خرید,"150,000,000","18,000,000,000",2,0,180,,نا مشخص,نامشخص,نا مشخص
3967743,1403/05/11,تجاری,حافظ خ جامی,خرید,"900,000,000","180,000,000,000",2,0,200,1,نا مشخص,نامشخص,سنگ
10246942,1403/05/11,آپارتمان,مطهری كوه نور,خرید,"123,711,000","12,000,000,000",1,2,97,1,MDF,فرنگی,پارکت سراميک
3971416,1403/05/11,آپارتمان,شریعتی بالاتراز سینا صحرا,خرید,"108,444,000","9,760,000,000",2,2,90,1,MDF,ايراني فرنگي,سراميک
3395478,1403/05/11,مغازه,جنت آباد شمالی بالاتر از ایرانپارس,خرید,"1,000,000,000","38,000,000,000",2,0,16,1,نا مشخص,ايرانی,سنگ
10001762,1403/05/11,آپارتمان,جنت آباد شمالی بالاتر از ایرانپارس,خرید,"150,000,000","22,800,000,000",1,3,152,1,MDF,ايراني فرنگي,سراميک
10001761,1403/05/11,آپارتمان,جنت آباد شمالی بالاتر از ایرانپارس,خرید,"150,000,000","24,300,000,000",4,3,162,1,MDF,ايراني فرنگي,سراميک
10354212,1403/05/11,آپارتمان,نیاوران كاشانك خ خداوردی,خرید,"220,000,000","48,400,000,000",1,3,220,2,MDF,ايراني فرنگي,سنگ
3832339,1403/05/11,کلنگی,اشرفی اصفهانی سیمون بولیوار,خرید,"135,000,000","27,000,000,000",1,0,0,0,نا مشخص,نامشخص,نا مشخص
3224774,1403/05/11,اداری,الهیه خ گلنار,خرید,"600,000,000","42,000,000,000",2,0,68,1,MDF,فرنگی,سراميک
10182449,1403/05/11,مغازه,پونك میدان پونك,خرید,"1,470,588,000","25,000,000,000",1,0,17,1,نا مشخص,نامشخص,سنگ
3967710,1403/05/11,کلنگی,انتهای همت غرب شهرك آزادشهر 20متری دوم,خرید,"206,896,000","18,000,000,000",1,0,0,0,نا مشخص,نامشخص,نا مشخص
10301077,1403/05/11,آپارتمان,شهرك غرب خ سیمای ایران,خرید,"180,000,000","34,200,000,000",4,3,190,1,MDF,ايراني فرنگي,پارکت سنگ
10266821,1403/05/11,اداری,سهروردی شمالی نرسیده به ك آزادی,خرید,"85,416,000","8,200,000,000",2,2,96,1,آبدارخانه,ايرانی,سراميک
10003008,1403/05/11,مغازه,شهرك راه آهن دهكده المپیك,خرید,"202,702,000","7,500,000,000",2,0,37,1,نا مشخص,نامشخص,سنگ
10007082,1403/05/11,ویلایی,مینی سیتی شهرك محلاتی,خرید,"175,000,000","42,000,000,000",2,3,160,1,MDF,ايراني فرنگي,سراميک
3438578,1403/05/11,تجاری,شهرك غرب بلوار دریا,خرید,"1,700,000,000","408,000,000,000",2,0,220,1,نا مشخص,نامشخص,سنگ
10354210,1403/05/11,آپارتمان,دریان نو خ پنجم,خرید,"87,370,000","9,000,000,000",2,2,103,1,MDF,ايراني فرنگي,سراميک
10348986,1403/05/11,آپارتمان,سوهانك ك یاس,خرید,"194,279,000","45,850,000,000",4,3,236,2,MDF,ايراني فرنگي,سنگ
10354209,1403/05/11,آپارتمان,ستارخان توحید,خرید,"114,782,000","13,200,000,000",4,2,115,1,MDF,ايرانی,سنگ
10268191,1403/05/11,اداری,زعفرانیه بلواربهزادی,خرید,"350,000,000","28,700,000,000",2,1,82,1,چوبي,فرنگی,پارکت
10132753,1403/05/11,تجاری,صادقیه فلكه اول,خرید,"700,000,000","74,900,000,000",2,0,107,1,نا مشخص,نامشخص,سنگ
10064316,1403/05/11,تجاری,صادقیه فلكه اول,خرید,"1,171,000,000","270,000,000,000",2,0,200,2,نا مشخص,نامشخص,سنگ
10354207,1403/05/11,آپارتمان,كنارگذر امام علی نرسیده به خ نیكنام,خرید,"75,000,000","6,750,000,000",2,2,90,0,MDF,ايراني فرنگي,سراميک
10354206,1403/05/11,آپارتمان,كنارگذر امام علی نرسیده به خ نیكنام,خرید,"75,000,000","5,250,000,000",2,1,70,0,MDF,ايراني فرنگي,سراميک
10354205,1403/05/11,آپارتمان,كنارگذر امام علی نرسیده به خ نیكنام,خرید,"75,000,000","4,500,000,000",2,1,60,0,MDF,ايراني فرنگي,سراميک
10272478,1403/05/11,آپارتمان,تهران نو خ شورا خ مهرآور,خرید,"100,000,000","10,000,000,000",1,2,100,1,MDF,ايرانی,سراميک
3877848,1403/05/11,آپارتمان,كن سولقان خ سنگان,خرید,"50,000,000","4,200,000,000",2,2,84,1,MDF,ايراني فرنگي,سراميک
10272438,1403/05/11,مغازه,ولنجك بلوار دانشجو,خرید,"700,000,000","20,300,000,000",1,0,25,1,نا مشخص,نامشخص,سراميک
10114896,1403/05/11,آپارتمان,كن سولقان خ سنگان,خرید,"50,000,000","6,750,000,000",2,3,135,1,MDF,ايراني فرنگي,سراميک
10126320,1403/05/11,آپارتمان,كن سولقان خ سنگان,خرید,"50,000,000","4,000,000,000",2,2,80,1,MDF,ايراني فرنگي,سراميک
10354204,1403/05/11,آپارتمان,بزرگراه رسالت خ كرمان,خرید,"112,000,000","11,312,000,000",2,2,101,0,MDF,فرنگی,سراميک
10254685,1403/05/11,مستغلات,پیروزی خ 21 متری دهقان,خرید,"160,000,000","24,000,000,000",2,3,200,1,فلزي,ايراني فرنگي,سراميک
3835525,1403/05/11,آپارتمان,پیروزی خ پرستار,خرید,"110,000,000","15,180,000,000",2,3,138,1,MDF,ايراني فرنگي,سنگ
10126321,1403/05/11,آپارتمان,كن سولقان خ سنگان,خرید,"50,000,000","5,000,000,000",2,2,100,1,MDF,ايراني فرنگي,سراميک
10333990,1403/05/11,ویلایی,نیروی هوائی خ پنجم,خرید,"77,777,000","28,000,000,000",2,3,181,1,MDF,ايراني فرنگي,لامنيت
10333884,1403/05/11,آپارتمان,پیروزی خ رضایی خ تاجری,خرید,"64,000,000","3,200,000,000",2,1,50,1,MDF,ايرانی,سراميک
3743375,1403/05/11,آپارتمان,دریان نو خ پنجم,خرید,"84,112,000","9,000,000,000",4,2,107,1,MDF,ايرانی,سراميک
10334291,1403/05/11,آپارتمان,پیروزی خ فرهنگ آبادی,خرید,"69,841,000","4,400,000,000",2,2,63,1,MDF,ايراني فرنگي,سراميک
10334285,1403/05/11,آپارتمان,پیروزی خ نبردشمالی,خرید,"79,452,000","5,800,000,000",3,2,73,1,MDF,ايرانی,سنگ
10334283,1403/05/11,آپارتمان,پیروزی خ صفای غربی,خرید,"74,725,000","6,800,000,000",6,2,91,1,MDF,ايراني فرنگي,سراميک
10126438,1403/05/11,آپارتمان,اشرفی اصفهانی پیامبر شرقی خ گلدشت,خرید,"137,362,000","25,000,000,000",5,4,182,1,MDF,ايراني فرنگي,سراميک
2363819,1403/05/11,مغازه,نامجو بالاتر از ایستگاه روشنایی,خرید,"200,000,000","3,600,000,000",5,0,12,1,نا مشخص,نامشخص,سراميک
10188530,1403/05/11,آپارتمان,پیروزی نرسیده به خ بنائی,خرید,"72,340,000","3,400,000,000",3,1,47,1,MDF,ايرانی,سراميک
10275598,1403/05/11,مغازه,اشرفی اصفهانی خ اقبالپور,خرید,"335,000,000","6,700,000,000",3,0,20,1,نا مشخص,نامشخص,سنگ
10080131,1403/05/11,آپارتمان,آیت الله كاشانی سازمان برنامه شمالی,خرید,"250,000,000","35,000,000,000",2,3,150,1,چوبي فلزي,ايرانی,سراميک
10274578,1403/05/11,اداری,اشرفی اصفهانی نرسیده به غروی,خرید,"290,000,000","49,880,000,000",2,0,172,1,آبدارخانه,ايراني فرنگي,سنگ
10265383,1403/05/11,اداری,اشرفی اصفهانی نرسیده به غروی,خرید,"288,372,000","24,800,000,000",7,0,86,1,آبدارخانه,ايراني فرنگي,سنگ
10274179,1403/05/11,کلنگی,پیروزی زینتی افخم خ درودیان,خرید,"139,344,000","17,000,000,000",7,2,100,2,نا مشخص,نامشخص,نا مشخص
10332635,1403/05/11,آپارتمان,سبلان شمالی نرسیده به خ ماندگار,خرید,"80,000,000","6,800,000,000",3,2,85,0,MDF,ايراني فرنگي,سراميک
3665959,1403/05/11,مغازه,شهرآرا خ نیایش,خرید,"400,000,000","8,800,000,000",3,0,18,0,نا مشخص,نامشخص,نا مشخص
10207059,1403/05/11,آپارتمان,پلیس خ كلیم كاشانی,خرید,"80,000,000","4,560,000,000",4,1,57,1,فلزي,ايرانی,سنگ
10116411,1403/05/11,آپارتمان,خ دماوند خ غفاری,خرید,"67,901,000","5,500,000,000",3,2,81,1,MDF,ايراني فرنگي,پارکت
10256568,1403/05/11,آپارتمان,خواجه نظام خ اجاره دار,خرید,"45,192,000","2,350,000,000",3,1,52,1,MDF,ايرانی,سراميک
10275272,1403/05/11,آپارتمان,اسكندری شمالی خ فرصت,خرید,"106,796,000","11,000,000,000",2,2,103,1,MDF,ايراني فرنگي,سراميک
10217696,1403/05/11,آپارتمان,نظام آباد خ مدنی جنوبی,خرید,"70,000,000","7,490,000,000",2,2,107,0,MDF,ايراني فرنگي,سراميک
3932012,1403/05/11,اداری,ستارخان زیر پل ستارخان,خرید,"140,000,000","7,000,000,000",1,1,50,1,فلزي,ايرانی,سنگ
10273407,1403/05/11,آپارتمان,پیروزی خ دهم فروردین,خرید,"65,079,000","4,100,000,000",4,2,63,1,MDF,ايرانی,سراميک
10128251,1403/05/11,آپارتمان,نامجو خ كاوه غربی,خرید,"88,235,000","9,000,000,000",5,2,102,1,MDF,ايراني فرنگي,سراميک
10219188,1403/05/11,آپارتمان,نامجو خ كاوه غربی,خرید,"76,923,000","10,000,000,000",4,3,130,1,MDF,ايراني فرنگي,سراميک
10103552,1403/05/11,آپارتمان,خواجه نصیر نرسیده به میدان سپاه,خرید,"91,110,000","8,200,000,000",4,2,90,1,MDF,ايراني فرنگي,سراميک
10297082,1403/05/11,آپارتمان,جنت آباد جنوبی شاهین جنوبی,خرید,"104,597,000","9,100,000,000",3,2,87,1,چوبي,ايراني فرنگي,سنگ
10267584,1403/05/11,آپارتمان,شهران جنوبی خ كوهسار,خرید,"129,032,000","8,000,000,000",1,2,62,1,MDF,ايرانی,سراميک
10177882,1403/05/11,آپارتمان,بلوار فردوس غرب بعد از باكری,خرید,"122,000,000","15,250,000,000",1,3,125,1,MDF,ايراني فرنگي,سراميک
10267598,1403/05/11,آپارتمان,سبلان شمالی خ فتاحی,خرید,"82,352,000","7,000,000,000",4,2,85,1,هایگلاس,ايراني فرنگي,سراميک
10264740,1403/05/11,آپارتمان,اشرفی اصفهانی خ اقبال پور,خرید,"140,000,000","14,140,000,000",4,2,101,1,چوبي,ايراني فرنگي,سنگ
10272925,1403/05/11,آپارتمان,نظام اباد خ مدنی جنوبی,خرید,"63,253,000","5,250,000,000",5,2,83,1,MDF,ايراني فرنگي,سراميک
10335985,1403/05/11,آپارتمان,كن سولقان,خرید,"60,000,000","3,420,000,000",2,1,57,1,MDF,فرنگی,سراميک
10182283,1403/05/11,آپارتمان,وحیدیه نرسیده به ك نانگیر,خرید,"58,762,000","5,700,000,000",2,2,97,1,MDF,ايراني فرنگي,سراميک
10272882,1403/05/11,آپارتمان,پیروزی بلوار ابوذر پل دوم,خرید,"96,470,000","8,200,000,000",4,2,85,1,MDF,ايراني فرنگي,سراميک
3368657,1403/05/11,آپارتمان,نظام آباد خ مدنی جنوبی,خرید,"63,157,000","3,600,000,000",3,2,57,1,MDF,ايراني فرنگي,سراميک
10335648,1403/05/11,آپارتمان,فرجام غربی خ عبادی شمالی,خرید,"91,530,000","5,950,000,000",1,1,65,1,MDF,ايراني فرنگي,سنگ
10272896,1403/05/11,آپارتمان,پیروزی خ پیچك,خرید,"84,269,000","7,500,000,000",3,2,89,1,MDF,ايراني فرنگي,سراميک
2800997,1403/05/11,تجاری,فرجام غربی چهارراه خاور,خرید,"500,000,000","65,000,000,000",3,0,130,1,نا مشخص,نامشخص,سراميک
10347679,1403/05/11,آپارتمان,شهرك راه آهن بلواركوهك,خرید,"122,340,000","11,500,000,000",3,2,94,1,MDF,ايراني فرنگي,سراميک
3948486,1403/05/11,آپارتمان,جنت آباد مركزی خ شاهین شمالی,خرید,"144,144,000","16,000,000,000",1,3,111,1,چوبي,ايراني فرنگي,سنگ
10266327,1403/05/11,آپارتمان,جنت آباد جنوبی لاله غربی خ مجاهد كبیر,خرید,"95,762,000","11,300,000,000",2,3,118,2,MDF,ايراني فرنگي,پارکت
10301293,1403/05/11,اداری,جنت آباد جنوبی نبش میدان,خرید,"159,166,000","9,550,000,000",4,2,60,1,MDF,ايرانی,سراميک
10349021,1403/05/11,آپارتمان,پیروزی خ شكوفه,خرید,"51,724,000","3,000,000,000",3,1,58,1,فلزي,ايرانی,سراميک
10252542,1403/05/11,آپارتمان,اشرفی اصفهانی بلوار امام رضا,خرید,"155,000,000","14,880,000,000",2,2,96,1,چوبي,ايراني فرنگي,سراميک
10301236,1403/05/11,آپارتمان,اشرفی اصفهانی باغ فیض خ باهنر,خرید,"115,780,000","11,000,000,000",5,2,95,1,MDF,ايراني فرنگي,سنگ
10301319,1403/05/11,آپارتمان,جنت آباد جنوبی خ جهاداكبر,خرید,"85,897,000","6,700,000,000",2,2,78,1,MDF,ايرانی,سراميک
10301316,1403/05/11,آپارتمان,جنت آباد مركزی بلوار بعثت,خرید,"155,000,000","14,415,000,000",5,2,93,0,MDF,ايراني فرنگي,سراميک
10301315,1403/05/11,آپارتمان,جنت آباد جنوبی خ جهاداكبر,خرید,"113,000,000","12,656,000,000",5,3,112,1,MDF,ايراني فرنگي,سراميک
10133455,1403/05/11,آپارتمان,اشرفی اصفهانی باغ فیض خ امیر ابراهیمی,خرید,"96,000,000","7,200,000,000",5,2,75,1,هایگلاس,ايراني فرنگي,سراميک
10249011,1403/05/11,مستغلات,جنت آباد جنوبی بلوار مطهری,خرید,"306,451,000","95,000,000,000",5,16,600,1,MDF,ايرانی,سراميک
10248038,1403/05/11,کلنگی,جنت آباد مركزی خ شهید مخبری,خرید,"378,947,000","72,000,000,000",5,4,220,0,MDF,ايرانی,سراميک
10354194,1403/05/11,مستغلات,بلوار فردوس غرب خ وفا آذر جنوبی,خرید,"260,000,000","41,600,000,000",5,8,376,4,چوبي,ايرانی,سراميک
10333538,1403/05/11,آپارتمان,تهرانپارس خ 216شرقی,خرید,"84,610,000","5,500,000,000",2,1,65,1,MDF,ايرانی,سراميک
10001292,1403/05/11,آپارتمان,اشرفی اصفهانی سیمون بولیوار خ امام رضا,خرید,"115,000,000","13,915,000,000",4,3,121,1,MDF,ايراني فرنگي,سنگ
10134408,1403/05/11,آپارتمان,بلوار فردوس شرق گلستان,خرید,"113,492,000","14,300,000,000",5,2,126,1,هایگلاس,ايراني فرنگي,لامنيت
10301260,1403/05/11,آپارتمان,ستاری خ زیتون,خرید,"95,000,000","5,700,000,000",4,2,60,1,MDF,ايرانی,سنگ
10245263,1403/05/11,آپارتمان,زعفرانیه بالاتراز خ نیاززاده,خرید,"221,311,000","13,500,000,000",2,1,61,1,MDF,ايراني فرنگي,سراميک
10262591,1403/05/11,آپارتمان,بزرگراه ارتش خ مهتاب,خرید,"165,000,000","19,800,000,000",1,2,120,1,MDF,ايراني فرنگي,سنگ
10247070,1403/05/11,آپارتمان,بلوار فردوس غرب خ سازمان برنامه,خرید,"105,263,000","10,000,000,000",1,2,95,1,MDF,ايرانی,سراميک
10300854,1403/05/11,آپارتمان,دروس خ پابرجا,خرید,"200,000,000","30,000,000,000",4,3,150,1,MDF,ايراني فرنگي,سراميک
10301346,1403/05/11,آپارتمان,دروس خ هدایت,خرید,"200,000,000","23,600,000,000",1,3,118,1,MDF,ايراني فرنگي,سراميک
10301344,1403/05/11,آپارتمان,دروس خ هدایت,خرید,"220,000,000","75,900,000,000",7,4,345,1,فرنيش,ايراني فرنگي,سنگ
3884689,1403/05/11,مغازه,شهران خ كوهسار,خرید,"250,000,000","13,500,000,000",7,0,54,1,نا مشخص,ايرانی,سنگ
10255190,1403/05/11,آپارتمان,اشرفی اصفهانی خ اقبال پور,خرید,"135,000,000","13,500,000,000",4,2,100,1,MDF,ايراني فرنگي,سنگ
10127423,1403/05/11,اداری,سهروردی شمالی نرسیده به ك جهانگیری,خرید,"133,333,000","16,000,000,000",2,2,120,1,آبدارخانه,ايرانی,سراميک
3964008,1403/05/11,مستغلات,قلهك خ یخچال خ كی نژاد,خرید,"350,000,000","156,450,000,000",2,16,912,8,MDF,ايرانی,سراميک
10249009,1403/05/11,زمین,كن كوچه سنگان,خرید,"40,000,000","2,920,000,000",2,0,0,0,نا مشخص,نامشخص,نا مشخص
10127162,1403/05/11,آپارتمان,جنت آباد جنوبی خ حیدری,خرید,"156,250,000","25,000,000,000",4,3,160,0,ندارد,ايراني فرنگي,سنگ
10257471,1403/05/11,کلنگی,اوین خ كچوئی,خرید,"140,000,000","18,200,000,000",4,0,200,,نا مشخص,نامشخص,نا مشخص
10266005,1403/05/11,مغازه,جشنواره خ زهدی,خرید,"247,050,000","8,400,000,000",4,0,28,1,نا مشخص,نامشخص,سراميک
10127802,1403/05/11,کلنگی,اوین خ سوری,خرید,"98,590,000","70,000,000,000",4,0,320,,نا مشخص,نامشخص,نا مشخص
3945679,1403/05/11,مستغلات,اوین خ اعرابی,خرید,"180,000,000","39,060,000,000",4,4,170,2,MDF,ايرانی,سراميک
10116478,1403/05/11,مغازه,اختیاریه خ جهان بین,خرید,"282,608,000","6,500,000,000",4,0,20,1,نا مشخص,نامشخص,سراميک
10149064,1403/05/11,مستغلات,جلفا خ ارسباران,خرید,"147,368,000","56,000,000,000",4,8,380,4,MDF,ايراني فرنگي,سراميک
10184457,1403/05/11,مستغلات,سعادت آباد بلوار شهرداری,خرید,"430,000,000","430,000,000,000",4,9,510,3,MDF,ايراني فرنگي,سراميک
10164604,1403/05/11,مغازه,هروری خ گلزار,خرید,"615,384,000","16,000,000,000",4,0,16,1,نا مشخص,نامشخص,سراميک
10347619,1403/05/11,آپارتمان,شهران خ یكم,خرید,"105,000,000","7,350,000,000",5,2,70,1,MDF,ايراني فرنگي,سراميک
3803274,1403/05/11,اداری,حافظ بالاتر از طالقانی,خرید,"233,009,000","120,000,000,000",5,10,515,1,آبدارخانه,ايرانی,موزائيک
3824422,1403/05/11,زمین,سعادت آباد خ كوهستان خ صحرا,خرید,"40,000,000","4,000,000,000",5,0,0,0,نا مشخص,نامشخص,نا مشخص
10274093,1403/05/11,آپارتمان,مجیدیه جنوبی خ استاد حسن بنا,خرید,"60,000,000","5,100,000,000",4,2,85,1,MDF,ايرانی,سراميک
10269591,1403/05/11,اداری,شریعتی بالاتر از پل سیدخندان,خرید,"112,000,000","14,000,000,000",3,4,125,2,آبدارخانه,ايراني فرنگي,پارکت
10322460,1403/05/11,اداری,سعادت آباد خ 22 غربی,خرید,"208,660,000","26,500,000,000",1,1,127,یك,آبدارخانه,ايرانی,سنگ
10180499,1403/05/11,آپارتمان,سهروردی شمالی خ اندیشه,خرید,"93,023,000","8,000,000,000",4,2,86,1,MDF,ايراني فرنگي,سنگ
10348974,1403/05/11,اداری,اختیاریه جنوبی نرسیده به محسنیان,خرید,"141,025,000","11,000,000,000",4,2,78,1,آبدارخانه,ايراني فرنگي,سراميک
10352708,1403/05/11,آپارتمان,اختیاریه شمالی نرسیده به خ رامین,خرید,"125,000,000","13,500,000,000",4,2,108,1,MDF,ايراني فرنگي,سراميک
10335211,1403/05/11,آپارتمان,تهران پارس خ استخر,خرید,"96,770,000","6,000,000,000",3,1,62,1,MDF,ايراني فرنگي,سراميک
10335768,1403/05/11,اداری,اختیاریه شمالی بالاتراز خ فتاح,خرید,"187,500,000","13,500,000,000",3,0,72,1,آبدارخانه,ايراني فرنگي,سنگ
10354186,1403/05/11,اداری,سعادت آباد خ بخشایش,خرید,"153,060,000","15,000,000,000",1,3,98,6,MDF,ايرانی,سنگ
10354177,1403/05/11,آپارتمان,شهرك غرب بلوار فرحزادی خ طاهرخانی شرقی,خرید,"125,874,000","18,000,000,000",7,3,143,1,MDF,ايراني فرنگي,سنگ
3784799,1403/05/11,اداری,پاسداران خ بوستان,خرید,"240,000,000","18,720,000,000",4,2,78,1,آبدارخانه,ايرانی,سراميک
10354185,1403/05/11,آپارتمان,سعادت آباد سرو غربی,خرید,"151,370,000","16,500,000,000",6,2,109,1,MDF,ايراني فرنگي,لامنيت
10151014,1403/05/11,آپارتمان,شیخ بهایی خ ایرانشناسی,خرید,"170,000,000","28,560,000,000",3,3,168,1,هایگلاس,ايراني فرنگي,سراميک
10187367,1403/05/11,آپارتمان,دولت نرسیده به خ نعمتی,خرید,"180,000,000","17,820,000,000",3,2,99,1,MDF,ايراني فرنگي,سنگ
10261505,1403/05/11,کلنگی,جنت آباد شمالی خ شاهد,خرید,"218,181,000","180,000,000,000",3,0,300,0,نا مشخص,نامشخص,نا مشخص
10261530,1403/05/11,اداری,اشرفی اصفهانی بالاتراز میدان پونك,خرید,"160,000,000","15,680,000,000",4,2,98,1,آبدارخانه,ايرانی,سنگ
10146635,1403/05/11,آپارتمان,كن سولقان,خرید,"55,000,000","4,950,000,000",3,2,90,0,MDF,ايراني فرنگي,سراميک
10122825,1403/05/11,کلنگی,ستاری میدان دانشگاه سیمون بولیوار غربی,خرید,"130,000,000","19,370,000,000",3,1,200,1,نا مشخص,نامشخص,نا مشخص
10257101,1403/05/11,ویلایی,كن خ سنگان,خرید,"10,000,000","16,000,000,000",3,1,100,0,چوبي,ايرانی,سراميک
10241792,1403/05/11,آپارتمان,سعادت آباد نرسیده به خ 24,خرید,"226,190,000","19,000,000,000",4,2,84,2,چوبي,ايرانی,سنگ
10147852,1403/05/11,آپارتمان,اشرفی اصفهانی خ اقبال پور,خرید,"100,000,000","11,500,000,000",4,3,115,1,MDF,ايراني فرنگي,سنگ
10120814,1403/05/11,اداری,میرداماد نرسیده به متروی میرداماد,خرید,"170,000,000","22,100,000,000",5,3,130,3,MDF,ايراني فرنگي,سنگ
10299543,1403/05/11,اداری,انقلاب بالاتر از دبیرخانه دانشگاه تهران,خرید,"69,148,000","6,500,000,000",3,4,94,1,فلزي,ايرانی,سراميک
10348437,1403/05/11,آپارتمان,قلهك خ یخچال,خرید,"125,000,000","16,250,000,000",2,3,130,1,MDF,ايراني فرنگي,سراميک
3588214,1403/05/11,مغازه,شهرك غرب ایران زمین,خرید,"1,000,000,000","20,000,000,000",1,0,20,1,نا مشخص,نامشخص,سنگ
3654965,1403/05/11,مغازه,شهرك غرب میدان صنعت,خرید,"500,000,000","25,000,000,000",1,0,50,1,نا مشخص,ايرانی,سنگ
10244725,1403/05/11,اداری,مطهری بالاتر از سهروردی شمالی,خرید,"149,253,000","10,000,000,000",2,3,67,1,آبدارخانه,ايرانی,پارکت
3669742,1403/05/11,آپارتمان,شهرك غرب بلواردادمان,خرید,"300,000,000","46,200,000,000",2,3,154,1,دلخواه,ايراني فرنگي,سنگ
10301857,1403/05/11,مغازه,میرداماد بین جردن و ولیعصر,خرید,"274,193,000","8,500,000,000",2,0,21,1,نا مشخص,نامشخص,سراميک
10203716,1403/05/11,کلنگی,شهرك غرب خ سپهر,خرید,"320,000,000","80,000,000,000",2,0,298,,نا مشخص,نامشخص,نا مشخص
10354182,1403/05/11,مستغلات,نارمك میدان 52,خرید,"220,000,000","42,680,000,000",2,4,250,,فلزي,ايرانی,موزائيک
10335017,1403/05/11,اداری,ظفر بلوار آرش شرقی,خرید,"254,166,000","12,200,000,000",1,1,48,2,آبدارخانه,ايراني فرنگي,موکت سنگ
10354181,1403/05/11,اداری,جردن خ دامن افشار,خرید,"210,084,000","25,000,000,000",3,4,119,1,آبدارخانه,فرنگی,سنگ
3587098,1403/05/11,اداری,ظفر نرسیده به خ نفت,خرید,"447,058,000","38,000,000,000",5,2,85,1,آبدارخانه,فرنگی,سنگ
3465442,1403/05/11,اداری,انقلاب خ ابوریحان,خرید,"88,785,000","9,500,000,000",4,2,107,1,MDF,ايرانی,سراميک
10351164,1403/05/11,آپارتمان,دولت چهارراه قنات,خرید,"180,000,000","26,640,000,000",4,3,148,2,MDF,ايرانی,سنگ
10335079,1403/05/11,آپارتمان,ظفر نرسیده به خ ستاره,خرید,"210,000,000","30,030,000,000",3,3,143,1,هایگلاس,ايراني فرنگي,سنگ
10334118,1403/05/11,آپارتمان,جشنواره خ احسان خ بهشت خ انقلاب,خرید,"73,910,000","8,500,000,000",1,2,115,1,MDF,ايراني فرنگي,سراميک
10148613,1403/05/11,آپارتمان,وزرا نرسیده به خ 29,خرید,"180,000,000","36,720,000,000",1,4,204,1,MDF,ايراني فرنگي,سنگ
10258883,1403/05/11,آپارتمان,ازگل اراج,خرید,"268,292,000","33,000,000,000",2,2,123,1,MDF,ايراني فرنگي,سنگ
10265855,1403/05/11,آپارتمان,بلوار مرزاران خ ابراهیمی,خرید,"168,518,000","27,300,000,000",1,3,162,1,MDF,ايراني فرنگي,سراميک
10265939,1403/05/11,آپارتمان,بلوارمرزداران خ رضایی نژاد,خرید,"137,250,000","10,980,000,000",3,2,80,1,MDF,ايراني فرنگي,سراميک
10125162,1403/05/11,زمین,دارآباد زمینهای تعاونی مسكن,خرید,"15,151,000","10,000,000,000",3,0,0,,نا مشخص,نامشخص,نا مشخص
10270526,1403/05/11,اداری,وزرا ك ششم,خرید,"270,000,000","486,000,000,000",3,18,1800,0,هایگلاس,فرنگی,سنگ
10351715,1403/05/11,آپارتمان,بلوارمرزداران خ ابوالفضل,خرید,"133,870,000","8,300,000,000",2,2,62,1,MDF,ايراني فرنگي,سراميک
10335743,1403/05/11,آپارتمان,اشرفی اصفهانی بالاتر از حكیم,خرید,"130,000,000","16,900,000,000",3,3,130,1,MDF,ايراني فرنگي,سراميک
10250513,1403/05/11,مستغلات,كریم خان خ نجات الهی,خرید,"185,000,000","64,750,000,000",3,15,450,3,MDF,ايراني فرنگي,سنگ
10125816,1403/05/11,مستغلات,فرشته خ آقابزرگی,خرید,"333,333,000","65,000,000,000",3,6,300,1,MDF,ايرانی,سراميک
10301521,1403/05/11,آپارتمان,جردن نرسیده به ك گلفام,خرید,"154,708,000","34,500,000,000",2,4,223,1,MDF,ايراني فرنگي,سنگ
10116830,1403/05/11,کلنگی,دروازه شمیران خ زرین خامه,خرید,"123,839,000","40,000,000,000",2,0,0,0,نا مشخص,نامشخص,نا مشخص
10204088,1403/05/11,مستغلات,مجیدیه جنوبی خ استاد حسن بنا,خرید,"158,730,000","20,000,000,000",2,1,80,1,فلزي,ايرانی,سنگ
2348744,1403/05/11,اداری,بلوار كشاورز خ رویان,خرید,"80,314,000","10,200,000,000",1,5,127,1,MDF,ايراني فرنگي,سنگ
10180701,1403/05/11,آپارتمان,جردن نرسیده به خ كاج آبادی,خرید,"167,500,000","33,500,000,000",5,3,200,1,MDF,ايراني فرنگي,سنگ
10063473,1403/05/11,مستغلات,قنات كوثر 35متری استقلال,خرید,"115,000,000","45,540,000,000",5,8,396,4,چوبي,ايراني فرنگي,سراميک
10149163,1403/05/11,مستغلات,بلوار كشاورز خ وصال شیرازی نرسیده به طالقانی,خرید,"176,678,000","50,000,000,000",5,12,668,4,چوبي فلزي,ايرانی,سراميک
10354174,1403/05/11,آپارتمان,گلبرگ شرقی خ دردشت,خرید,"107,941,000","7,340,000,000",2,2,68,1,MDF,ايراني فرنگي,سراميک
10353721,1403/05/11,آپارتمان,سعادت اباد خ 17,خرید,"220,000,000","13,640,000,000",1,1,62,1,MDF,ايراني فرنگي,سنگ
10264839,1403/05/11,آپارتمان,نامجو خ شیخ صفی ك بامداد مقدم,خرید,"63,265,000","3,100,000,000",4,1,49,1,MDF,ايرانی,سراميک
10265022,1403/05/11,مغازه,جمهوری لاله زارنو,خرید,"2,000,000,000","8,000,000,000",4,0,4,1,نا مشخص,نامشخص,سنگ
10354172,1403/05/11,مغازه,مینی سیتی شهرك محلاتی,خرید,"1,500,000,000","15,000,000,000",1,0,10,1,نا مشخص,نامشخص,سراميک
10354170,1403/05/11,آپارتمان,بلوار مرزداران نرسیده به شیرینی ماه بانو,خرید,"86,660,000","6,500,000,000",3,2,75,1,MDF,ايرانی,سراميک
10148720,1403/05/11,آپارتمان,یوسف آباد خ اشك شهر,خرید,"165,217,000","38,000,000,000",4,3,230,0,MDF,ايراني فرنگي,سنگ
10297906,1403/05/11,زمین,سوهانك نرسیده به دانشگاه علوم تحقیقات,خرید,"50,000,000","7,500,000,000",4,0,0,,نا مشخص,نامشخص,نا مشخص
10274705,1403/05/11,آپارتمان,بلوارمرزداران خ بهار,خرید,"115,384,000","7,500,000,000",1,2,65,1,MDF,ايراني فرنگي,پارکت
10354169,1403/05/11,آپارتمان,سبلان شمالی خ حیدری,خرید,"69,230,000","3,600,000,000",4,1,52,1,MDF,ايرانی,پارکت
10300025,1403/05/11,آپارتمان,بلوار كشاورز خ نادری خ فریمان,خرید,"89,333,000","6,700,000,000",3,1,75,1,MDF,ايرانی,سراميک
10076633,1403/05/11,زمین,سوهانك نرسیده به انبار نفت,خرید,"30,000,000","698,400,000,000",3,0,0,,نا مشخص,نامشخص,نا مشخص
3993533,1403/05/11,مستغلات,بلوار مرزداران خ فرشتگان,خرید,"430,000,000","159,960,000,000",3,16,864,1,MDF,ايرانی,سراميک
3972295,1403/05/11,آپارتمان,شیخ بهایی خ ایرانشناسی,خرید,"170,000,000","30,430,000,000",3,3,179,1,هایگلاس,ايراني فرنگي,سراميک
3588109,1403/05/11,مغازه,بلوارمرزداران خ سرسبز,خرید,"600,000,000","51,600,000,000",3,0,86,1,نا مشخص,نامشخص,سراميک
10245796,1403/05/11,آپارتمان,ولیعصر خ زرتشت غربی,خرید,"74,444,000","6,700,000,000",1,2,90,1,فلزي,ايرانی,سراميک
10198753,1403/05/11,آپارتمان,ازگل اراج خ گلزار خ لادن شرقی,خرید,"210,000,000","42,000,000,000",5,3,200,1,MDF,ايراني فرنگي,سراميک
10354167,1403/05/11,آپارتمان,هنگام بالاتر از نبش چهارراه فرجام,خرید,"89,655,000","13,000,000,000",2,3,145,1,MDF,ايرانی,سراميک
3826387,1403/05/11,آپارتمان,الهیه خ خرزشمالی,خرید,"302,320,000","65,000,000,000",5,3,214,1,MDF,ايراني فرنگي,سراميک
10300888,1403/05/11,مستغلات,قیطریه بلوار صبا انتهای اندرزگو,خرید,"500,000,000","324,000,000,000",5,18,876,9,چوبي فلزي,ايراني فرنگي,سراميک
10354166,1403/05/11,آپارتمان,گلبرگ شرقی خ دردشت,خرید,"86,567,000","5,800,000,000",3,2,67,1,MDF,ايراني فرنگي,سراميک
10265955,1403/05/11,مستغلات,قیطریه خ میرزاپور,خرید,"190,476,000","12,000,000,000",3,2,80,1,چوبي فلزي,ايرانی,موزائيک
3280634,1403/05/11,کلنگی,قیطریه چیذر,خرید,"321,428,000","45,000,000,000",3,0,316,0,نا مشخص,نامشخص,نا مشخص
10243846,1403/05/11,آپارتمان,فاطمی خ پنجم,خرید,"88,750,000","7,100,000,000",4,2,80,1,MDF,ايراني فرنگي,سنگ
10300090,1403/05/11,آپارتمان,نارمك میدان 20,خرید,"110,000,000","8,800,000,000",2,2,80,1,MDF,ايراني فرنگي,لامنيت
10257150,1403/05/11,اداری,فاطمی ك كامران,خرید,"122,222,000","11,000,000,000",3,1,90,2,MDF,ايرانی,سنگ
10275823,1403/05/11,آپارتمان,گلبرگ شرقی خ دردشت,خرید,"76,470,000","6,500,000,000",5,2,85,1,MDF,ايراني فرنگي,لامنيت
10275818,1403/05/11,آپارتمان,نارمك خ ثانی,خرید,"101,333,000","7,600,000,000",5,1,75,1,MDF,ايراني فرنگي,سراميک
10275497,1403/05/11,آپارتمان,گلبرگ شرقی خ دردشت,خرید,"90,000,000","7,290,000,000",2,2,81,1,MDF,ايراني فرنگي,سراميک
10200732,1403/05/11,اداری,اتوبان باقری بین فرجام و رسالت,خرید,"130,000,000","18,980,000,000",4,3,146,0,آبدارخانه,ايراني فرنگي,سراميک
10296594,1403/05/11,کلنگی,شمس آباد خ شهید كرد خ موسائی,خرید,"162,500,000","19,500,000,000",4,0,0,0,نا مشخص,نامشخص,نا مشخص
10251841,1403/05/11,آپارتمان,میدان رسالت میدان 68,خرید,"105,000,000","6,300,000,000",1,1,60,1,MDF,ايرانی,سراميک
10206355,1403/05/11,تجاری,شهرك غرب خ درختی,خرید,"900,000,000","144,000,000,000",1,0,130,2,نا مشخص,ايرانی,سنگ
10275876,1403/05/11,اداری,قیطریه اندرزگو,خرید,"280,000,000","40,880,000,000",2,3,146,1,چوبي,ايراني فرنگي,سنگ
10349944,1403/05/11,آپارتمان,گیشا نرسیده به خ 34,خرید,"230,000,000","39,560,000,000",3,2,172,1,چوبي,ايراني فرنگي,سنگ
10267911,1403/05/11,اداری,فرمانیه خ لواسانی,خرید,"400,000,000","50,000,000,000",3,2,125,1,آبدارخانه,فرنگی,سنگ
10270578,1403/05/11,تجاری,بلوار مرزداران نرسیده به قنادی ماه بانو,خرید,"850,000,000","93,500,000,000",3,0,110,1,نا مشخص,نامشخص,سنگ
10267910,1403/05/11,اداری,فرمانیه خ لواسانی,خرید,"400,000,000","44,000,000,000",5,1,110,1,آبدارخانه,فرنگی,سنگ
10354157,1403/05/11,آپارتمان,بزرگراه رسالت خ شهید كرد,خرید,"92,850,000","3,900,000,000",3,1,42,1,MDF,ايراني فرنگي,سراميک
10115089,1403/05/11,آپارتمان,نارمك خ سمنگان,خرید,"114,285,000","16,000,000,000",4,3,140,1,چوبي,ايراني فرنگي,سنگ
10348750,1403/05/11,اداری,كریم خان خ نجات اللهی,خرید,"185,000,000","83,250,000,000",4,15,450,4,MDF,ايراني فرنگي,سراميک
10348748,1403/05/11,اداری,ونك ابتدای خ ملاصدرا,خرید,"600,000,000","300,000,000,000",4,0,500,15,آبدارخانه,ايراني فرنگي,سنگ
10349020,1403/05/11,آپارتمان,تهران پارس بلوارشاهد بالاترازمیدان پروین خ خدابنده,خرید,"100,000,000","5,800,000,000",4,1,58,1,هایگلاس,ايراني فرنگي,سراميک
10200313,1403/05/11,آپارتمان,فاطمی خ جویبار,خرید,"135,000,000","18,900,000,000",5,2,140,2,MDF,ايراني فرنگي,سراميک
3993102,1403/05/11,زمین,جردن نرسیده به خ نیلوفر,خرید,"700,000,000","875,700,000,000",5,0,0,,نا مشخص,نامشخص,نا مشخص
3975182,1403/05/11,اداری,ظفر بلوار آرش,خرید,"170,000,000","49,300,000,000",2,5,290,17,آبدارخانه,ايراني فرنگي,پارکت
10114791,1403/05/11,آپارتمان,نارمك خ ثانی,خرید,"77,333,000","5,800,000,000",4,2,75,1,MDF,ايراني فرنگي,سراميک
3100262,1403/05/11,تجاری,جردن بالاتر از خ ناهید,خرید,"250,000,000","200,000,000,000",4,0,800,8,آبدارخانه,ايرانی,سنگ
10249784,1403/05/11,آپارتمان,لویزان خ شیان,خرید,"119,460,000","13,500,000,000",3,3,113,1,MDF,ايراني فرنگي,سراميک
10354153,1403/05/11,آپارتمان,نارمك خ ملایری,خرید,"98,039,000","5,000,000,000",1,1,51,1,MDF,ايراني فرنگي,سراميک
10354151,1403/05/11,آپارتمان,نارمك میدان 47,خرید,"130,000,000","15,600,000,000",1,2,120,1,MDF,ايراني فرنگي,سنگ
10301343,1403/05/11,مغازه,ونك ده ونك,خرید,"471,428,000","33,000,000,000",1,0,70,1,نا مشخص,نامشخص,سراميک
10129011,1403/05/11,آپارتمان,جمالزاده شمالی خ فرصت,خرید,"70,000,000","8,960,000,000",2,3,128,1,چوبي,ايرانی,سراميک
10261447,1403/05/11,آپارتمان,فرمانیه اندرزگو,خرید,"220,000,000","24,200,000,000",2,2,110,0,دلخواه,ايراني فرنگي,سراميک
10347611,1403/05/11,آپارتمان,دیباجی جنوبی خ تسلیمی,خرید,"230,000,000","12,420,000,000",3,1,54,1,MDF,ايراني فرنگي,سنگ
10053345,1403/05/11,اداری,گیشا نرسیده به خ یكم,خرید,"101,809,000","45,000,000,000",3,0,442,4,آبدارخانه,ايرانی,سراميک
10354148,1403/05/11,آپارتمان,فرمانیه خ سلیمی شمالی,خرید,"220,689,000","32,000,000,000",1,3,145,1,MDF,ايراني فرنگي,سراميک
10151336,1403/05/11,مستغلات,جشنواره خ احسان,خرید,"70,000,000","10,500,000,000",1,1,40,1,فلزي,ايرانی,موزائيک
10201834,1403/05/11,آپارتمان,جمالزاده شمالی خ فرصت,خرید,"62,500,000","4,500,000,000",4,2,72,1,MDF,ايراني فرنگي,سراميک
10349332,1403/05/11,اداری,تهران پارس فلكه 2,خرید,"130,000,000","11,830,000,000",1,4,91,7,آبدارخانه,ايراني فرنگي,سراميک
10275857,1403/05/11,آپارتمان,نیاوران خ مژده,خرید,"780,000,000","546,000,000,000",11,4,700,1,MDF,ايراني فرنگي,سنگ
10124015,1403/05/11,آپارتمان,نیاوران خ مژده,خرید,"710,000,000","248,500,000,000",7,3,350,1,چوبي,فرنگی,سنگ
10252928,1403/05/11,آپارتمان,دزاشیب خ كریمی,خرید,"158,333,000","19,000,000,000",1,2,120,1,MDF,ايراني فرنگي,سراميک
10347195,1403/05/11,اداری,ملاصدرا خ شیراز جنوبی,خرید,"196,070,000","20,000,000,000",1,1,102,1,آبدارخانه,ايراني فرنگي,سنگ
10301375,1403/05/11,آپارتمان,ملاصدرا خ خوارزمی,خرید,"160,000,000","20,320,000,000",2,2,127,1,MDF,ايراني فرنگي,سنگ
10276435,1403/05/11,آپارتمان,قیطریه نرسیده به ك عقابی,خرید,"210,000,000","32,340,000,000",4,3,154,1,چوبي,ايراني فرنگي,سنگ
10241846,1403/05/11,آپارتمان,جشنواره خ زهدی,خرید,"59,520,000","5,000,000,000",4,2,84,1,MDF,ايرانی,سراميک
10257350,1403/05/11,آپارتمان,گیشا نرسیده به خ 33,خرید,"169,642,000","9,500,000,000",4,1,56,1,MDF,ايرانی,سنگ
3996649,1403/05/11,اداری,ملاصدرا خ پردیس,خرید,"200,000,000","21,200,000,000",4,2,106,1,آبدارخانه,ايراني فرنگي,سراميک
10257470,1403/05/11,اداری,ونك بالاتراز میدان,خرید,"130,000,000","8,450,000,000",9,2,65,1,آبدارخانه,ايرانی,پارکت
3468571,1403/05/11,کلنگی,ملاصدرا نرسیده به خ شیخ بهایی,خرید,"687,500,000","550,000,000,000",9,0,640,0,نا مشخص,نامشخص,نا مشخص
3961389,1403/05/11,کلنگی,ملاصدرا شیرازجنوبی,خرید,"506,993,000","145,000,000,000",9,0,336,0,نا مشخص,نامشخص,نا مشخص
10354145,1403/05/11,آپارتمان,تهرانپارس خ سجده ای شمالی,خرید,"93,330,000","7,000,000,000",4,2,75,1,MDF,ايراني فرنگي,پارکت
10354144,1403/05/11,آپارتمان,سبلان شمالی خ حسنی,خرید,"75,892,000","8,500,000,000",6,3,112,1,MDF,ايراني فرنگي,سراميک
3466892,1403/05/11,مغازه,گاندی خ نهم,خرید,"333,333,000","2,000,000,000",6,0,6,1,نا مشخص,نامشخص,کفپوش
10183905,1403/05/11,تجاری,اقدسیه خ موحددانش,خرید,"950,000,000","104,500,000,000",6,0,110,1,نا مشخص,ايرانی,سراميک
10354143,1403/05/11,آپارتمان,تهرانپارس بلوار پروین خ 196 شرقی بین 133و131,خرید,"40,000,000","2,000,000,000",6,1,50,1,MDF,ايرانی,سراميک
10164180,1403/05/11,آپارتمان,انقلاب خ ابوریحان,خرید,"95,000,000","9,025,000,000",1,2,95,1,MDF,ايراني فرنگي,سراميک
10354142,1403/05/11,اداری,ملاصدرا خ پردیس,خرید,"324,324,000","120,000,000,000",1,15,555,1,آبدارخانه,ايراني فرنگي,سراميک
10122823,1403/05/11,مغازه,نیاوران روبروی پارك,خرید,"2,000,000,000","112,000,000,000",1,0,56,1,نا مشخص,ايرانی,سنگ
10354140,1403/05/11,آپارتمان,نظام آباد خ مدنی جنوبی,خرید,"64,893,000","3,050,000,000",3,1,47,1,MDF,ايرانی,سنگ
3738725,1403/05/11,تجاری,دربند بالاتر از مجسمه,خرید,"66,666,000","9,000,000,000",3,0,135,1,آبدارخانه,ايرانی,موزائيک
10051626,1403/05/11,کلنگی,دربند نرسیده به مجسمه,خرید,"43,859,000","25,000,000,000",3,0,100,,نا مشخص,نامشخص,نا مشخص
10120407,1403/05/11,زمین,دربند نرسیده به پیست اسكی,خرید,"50,000,000","22,500,000,000",3,0,0,,نا مشخص,نامشخص,نا مشخص
3668568,1403/05/11,آپارتمان,جمالزاده شمالی بالاتر از ك اخوان,خرید,"65,517,000","9,500,000,000",4,3,145,1,MDF,ايرانی,سراميک
3908764,1403/05/11,مغازه,ونك خ خدامی,خرید,"227,272,000","5,000,000,000",1,0,22,2,نا مشخص,نامشخص,سنگ
3369766,1403/05/11,مغازه,شیخ بهائی نرسیده به خ اوستا,خرید,"625,000,000","35,000,000,000",1,0,56,1,نا مشخص,ايرانی,سنگ
